<?xml version="1.0" encoding="UTF-8"?>
<kml xmlns="http://www.opengis.net/kml/2.2" xmlns:gx="http://www.google.com/kml/ext/2.2">
    <Document id="12634">
        <Folder id="12635">
            <Style id="12638">
                <IconStyle id="12639">
                    <colorMode>normal</colorMode>
                    <scale>0.8</scale>
                    <heading>0</heading>
                    <Icon id="12640">
                        <href>http://maps.google.com/mapfiles/kml/pushpin/red-pushpin.png</href>
                    </Icon>
                </IconStyle>
            </Style>
            <Style id="12643">
                <IconStyle id="12644">
                    <colorMode>normal</colorMode>
                    <scale>0.8</scale>
                    <heading>0</heading>
                    <Icon id="12645">
                        <href>http://maps.google.com/mapfiles/kml/pushpin/red-pushpin.png</href>
                    </Icon>
                </IconStyle>
            </Style>
            <Style id="12648">
                <IconStyle id="12649">
                    <colorMode>normal</colorMode>
                    <scale>0.8</scale>
                    <heading>0</heading>
                    <Icon id="12650">
                        <href>http://maps.google.com/mapfiles/kml/pushpin/red-pushpin.png</href>
                    </Icon>
                </IconStyle>
            </Style>
            <Style id="12653">
                <IconStyle id="12654">
                    <colorMode>normal</colorMode>
                    <scale>0.8</scale>
                    <heading>0</heading>
                    <Icon id="12655">
                        <href>http://maps.google.com/mapfiles/kml/pushpin/red-pushpin.png</href>
                    </Icon>
                </IconStyle>
            </Style>
            <Style id="12658">
                <IconStyle id="12659">
                    <colorMode>normal</colorMode>
                    <scale>0.8</scale>
                    <heading>0</heading>
                    <Icon id="12660">
                        <href>http://maps.google.com/mapfiles/kml/pushpin/red-pushpin.png</href>
                    </Icon>
                </IconStyle>
            </Style>
            <Style id="12663">
                <IconStyle id="12664">
                    <colorMode>normal</colorMode>
                    <scale>0.8</scale>
                    <heading>0</heading>
                    <Icon id="12665">
                        <href>http://maps.google.com/mapfiles/kml/pushpin/red-pushpin.png</href>
                    </Icon>
                </IconStyle>
            </Style>
            <Style id="12668">
                <IconStyle id="12669">
                    <colorMode>normal</colorMode>
                    <scale>0.8</scale>
                    <heading>0</heading>
                    <Icon id="12670">
                        <href>http://maps.google.com/mapfiles/kml/pushpin/red-pushpin.png</href>
                    </Icon>
                </IconStyle>
            </Style>
            <Style id="12673">
                <IconStyle id="12674">
                    <colorMode>normal</colorMode>
                    <scale>0.8</scale>
                    <heading>0</heading>
                    <Icon id="12675">
                        <href>http://maps.google.com/mapfiles/kml/pushpin/red-pushpin.png</href>
                    </Icon>
                </IconStyle>
            </Style>
            <Style id="12678">
                <IconStyle id="12679">
                    <colorMode>normal</colorMode>
                    <scale>0.8</scale>
                    <heading>0</heading>
                    <Icon id="12680">
                        <href>http://maps.google.com/mapfiles/kml/pushpin/red-pushpin.png</href>
                    </Icon>
                </IconStyle>
            </Style>
            <Style id="12683">
                <IconStyle id="12684">
                    <colorMode>normal</colorMode>
                    <scale>0.8</scale>
                    <heading>0</heading>
                    <Icon id="12685">
                        <href>http://maps.google.com/mapfiles/kml/pushpin/red-pushpin.png</href>
                    </Icon>
                </IconStyle>
            </Style>
            <Style id="12688">
                <IconStyle id="12689">
                    <colorMode>normal</colorMode>
                    <scale>0.8</scale>
                    <heading>0</heading>
                    <Icon id="12690">
                        <href>http://maps.google.com/mapfiles/kml/pushpin/red-pushpin.png</href>
                    </Icon>
                </IconStyle>
            </Style>
            <Style id="12693">
                <IconStyle id="12694">
                    <colorMode>normal</colorMode>
                    <scale>0.8</scale>
                    <heading>0</heading>
                    <Icon id="12695">
                        <href>http://maps.google.com/mapfiles/kml/pushpin/red-pushpin.png</href>
                    </Icon>
                </IconStyle>
            </Style>
            <Style id="12698">
                <IconStyle id="12699">
                    <colorMode>normal</colorMode>
                    <scale>0.8</scale>
                    <heading>0</heading>
                    <Icon id="12700">
                        <href>http://maps.google.com/mapfiles/kml/pushpin/red-pushpin.png</href>
                    </Icon>
                </IconStyle>
            </Style>
            <Style id="12703">
                <IconStyle id="12704">
                    <colorMode>normal</colorMode>
                    <scale>0.8</scale>
                    <heading>0</heading>
                    <Icon id="12705">
                        <href>http://maps.google.com/mapfiles/kml/pushpin/red-pushpin.png</href>
                    </Icon>
                </IconStyle>
            </Style>
            <Style id="12708">
                <IconStyle id="12709">
                    <colorMode>normal</colorMode>
                    <scale>0.8</scale>
                    <heading>0</heading>
                    <Icon id="12710">
                        <href>http://maps.google.com/mapfiles/kml/pushpin/red-pushpin.png</href>
                    </Icon>
                </IconStyle>
            </Style>
            <Style id="12713">
                <IconStyle id="12714">
                    <colorMode>normal</colorMode>
                    <scale>0.8</scale>
                    <heading>0</heading>
                    <Icon id="12715">
                        <href>http://maps.google.com/mapfiles/kml/pushpin/red-pushpin.png</href>
                    </Icon>
                </IconStyle>
            </Style>
            <Style id="12718">
                <IconStyle id="12719">
                    <colorMode>normal</colorMode>
                    <scale>0.8</scale>
                    <heading>0</heading>
                    <Icon id="12720">
                        <href>http://maps.google.com/mapfiles/kml/pushpin/red-pushpin.png</href>
                    </Icon>
                </IconStyle>
            </Style>
            <Style id="12723">
                <IconStyle id="12724">
                    <colorMode>normal</colorMode>
                    <scale>0.8</scale>
                    <heading>0</heading>
                    <Icon id="12725">
                        <href>http://maps.google.com/mapfiles/kml/pushpin/red-pushpin.png</href>
                    </Icon>
                </IconStyle>
            </Style>
            <Style id="12728">
                <IconStyle id="12729">
                    <colorMode>normal</colorMode>
                    <scale>0.8</scale>
                    <heading>0</heading>
                    <Icon id="12730">
                        <href>http://maps.google.com/mapfiles/kml/pushpin/red-pushpin.png</href>
                    </Icon>
                </IconStyle>
            </Style>
            <Style id="12733">
                <IconStyle id="12734">
                    <colorMode>normal</colorMode>
                    <scale>0.8</scale>
                    <heading>0</heading>
                    <Icon id="12735">
                        <href>http://maps.google.com/mapfiles/kml/pushpin/red-pushpin.png</href>
                    </Icon>
                </IconStyle>
            </Style>
            <Style id="12738">
                <IconStyle id="12739">
                    <colorMode>normal</colorMode>
                    <scale>0.8</scale>
                    <heading>0</heading>
                    <Icon id="12740">
                        <href>http://maps.google.com/mapfiles/kml/pushpin/red-pushpin.png</href>
                    </Icon>
                </IconStyle>
            </Style>
            <Style id="12743">
                <IconStyle id="12744">
                    <colorMode>normal</colorMode>
                    <scale>0.8</scale>
                    <heading>0</heading>
                    <Icon id="12745">
                        <href>http://maps.google.com/mapfiles/kml/pushpin/red-pushpin.png</href>
                    </Icon>
                </IconStyle>
            </Style>
            <Style id="12748">
                <IconStyle id="12749">
                    <colorMode>normal</colorMode>
                    <scale>0.8</scale>
                    <heading>0</heading>
                    <Icon id="12750">
                        <href>http://maps.google.com/mapfiles/kml/pushpin/red-pushpin.png</href>
                    </Icon>
                </IconStyle>
            </Style>
            <Style id="12753">
                <IconStyle id="12754">
                    <colorMode>normal</colorMode>
                    <scale>0.8</scale>
                    <heading>0</heading>
                    <Icon id="12755">
                        <href>http://maps.google.com/mapfiles/kml/pushpin/red-pushpin.png</href>
                    </Icon>
                </IconStyle>
            </Style>
            <Style id="12758">
                <IconStyle id="12759">
                    <colorMode>normal</colorMode>
                    <scale>0.8</scale>
                    <heading>0</heading>
                    <Icon id="12760">
                        <href>http://maps.google.com/mapfiles/kml/pushpin/red-pushpin.png</href>
                    </Icon>
                </IconStyle>
            </Style>
            <Style id="12763">
                <IconStyle id="12764">
                    <colorMode>normal</colorMode>
                    <scale>0.8</scale>
                    <heading>0</heading>
                    <Icon id="12765">
                        <href>http://maps.google.com/mapfiles/kml/pushpin/red-pushpin.png</href>
                    </Icon>
                </IconStyle>
            </Style>
            <Style id="12768">
                <IconStyle id="12769">
                    <colorMode>normal</colorMode>
                    <scale>0.8</scale>
                    <heading>0</heading>
                    <Icon id="12770">
                        <href>http://maps.google.com/mapfiles/kml/pushpin/red-pushpin.png</href>
                    </Icon>
                </IconStyle>
            </Style>
            <Style id="12773">
                <IconStyle id="12774">
                    <colorMode>normal</colorMode>
                    <scale>0.8</scale>
                    <heading>0</heading>
                    <Icon id="12775">
                        <href>http://maps.google.com/mapfiles/kml/pushpin/red-pushpin.png</href>
                    </Icon>
                </IconStyle>
            </Style>
            <Style id="12778">
                <IconStyle id="12779">
                    <colorMode>normal</colorMode>
                    <scale>0.8</scale>
                    <heading>0</heading>
                    <Icon id="12780">
                        <href>http://maps.google.com/mapfiles/kml/pushpin/red-pushpin.png</href>
                    </Icon>
                </IconStyle>
            </Style>
            <Style id="12783">
                <IconStyle id="12784">
                    <colorMode>normal</colorMode>
                    <scale>0.8</scale>
                    <heading>0</heading>
                    <Icon id="12785">
                        <href>http://maps.google.com/mapfiles/kml/pushpin/red-pushpin.png</href>
                    </Icon>
                </IconStyle>
            </Style>
            <Style id="12788">
                <IconStyle id="12789">
                    <colorMode>normal</colorMode>
                    <scale>0.8</scale>
                    <heading>0</heading>
                    <Icon id="12790">
                        <href>http://maps.google.com/mapfiles/kml/pushpin/red-pushpin.png</href>
                    </Icon>
                </IconStyle>
            </Style>
            <Style id="12793">
                <IconStyle id="12794">
                    <colorMode>normal</colorMode>
                    <scale>0.8</scale>
                    <heading>0</heading>
                    <Icon id="12795">
                        <href>http://maps.google.com/mapfiles/kml/pushpin/red-pushpin.png</href>
                    </Icon>
                </IconStyle>
            </Style>
            <Style id="12798">
                <IconStyle id="12799">
                    <colorMode>normal</colorMode>
                    <scale>0.8</scale>
                    <heading>0</heading>
                    <Icon id="12800">
                        <href>http://maps.google.com/mapfiles/kml/pushpin/red-pushpin.png</href>
                    </Icon>
                </IconStyle>
            </Style>
            <Style id="12803">
                <IconStyle id="12804">
                    <colorMode>normal</colorMode>
                    <scale>0.8</scale>
                    <heading>0</heading>
                    <Icon id="12805">
                        <href>http://maps.google.com/mapfiles/kml/pushpin/red-pushpin.png</href>
                    </Icon>
                </IconStyle>
            </Style>
            <Style id="12808">
                <IconStyle id="12809">
                    <colorMode>normal</colorMode>
                    <scale>0.8</scale>
                    <heading>0</heading>
                    <Icon id="12810">
                        <href>http://maps.google.com/mapfiles/kml/pushpin/red-pushpin.png</href>
                    </Icon>
                </IconStyle>
            </Style>
            <Style id="12813">
                <IconStyle id="12814">
                    <colorMode>normal</colorMode>
                    <scale>0.8</scale>
                    <heading>0</heading>
                    <Icon id="12815">
                        <href>http://maps.google.com/mapfiles/kml/pushpin/red-pushpin.png</href>
                    </Icon>
                </IconStyle>
            </Style>
            <Style id="12818">
                <IconStyle id="12819">
                    <colorMode>normal</colorMode>
                    <scale>0.8</scale>
                    <heading>0</heading>
                    <Icon id="12820">
                        <href>http://maps.google.com/mapfiles/kml/pushpin/red-pushpin.png</href>
                    </Icon>
                </IconStyle>
            </Style>
            <Style id="12823">
                <IconStyle id="12824">
                    <colorMode>normal</colorMode>
                    <scale>0.8</scale>
                    <heading>0</heading>
                    <Icon id="12825">
                        <href>http://maps.google.com/mapfiles/kml/pushpin/red-pushpin.png</href>
                    </Icon>
                </IconStyle>
            </Style>
            <Style id="12828">
                <IconStyle id="12829">
                    <colorMode>normal</colorMode>
                    <scale>0.8</scale>
                    <heading>0</heading>
                    <Icon id="12830">
                        <href>http://maps.google.com/mapfiles/kml/pushpin/red-pushpin.png</href>
                    </Icon>
                </IconStyle>
            </Style>
            <Style id="12833">
                <IconStyle id="12834">
                    <colorMode>normal</colorMode>
                    <scale>0.8</scale>
                    <heading>0</heading>
                    <Icon id="12835">
                        <href>http://maps.google.com/mapfiles/kml/pushpin/red-pushpin.png</href>
                    </Icon>
                </IconStyle>
            </Style>
            <Style id="12838">
                <IconStyle id="12839">
                    <colorMode>normal</colorMode>
                    <scale>0.8</scale>
                    <heading>0</heading>
                    <Icon id="12840">
                        <href>http://maps.google.com/mapfiles/kml/pushpin/red-pushpin.png</href>
                    </Icon>
                </IconStyle>
            </Style>
            <Style id="12843">
                <IconStyle id="12844">
                    <colorMode>normal</colorMode>
                    <scale>0.8</scale>
                    <heading>0</heading>
                    <Icon id="12845">
                        <href>http://maps.google.com/mapfiles/kml/pushpin/red-pushpin.png</href>
                    </Icon>
                </IconStyle>
            </Style>
            <Style id="12848">
                <IconStyle id="12849">
                    <colorMode>normal</colorMode>
                    <scale>0.8</scale>
                    <heading>0</heading>
                    <Icon id="12850">
                        <href>http://maps.google.com/mapfiles/kml/pushpin/red-pushpin.png</href>
                    </Icon>
                </IconStyle>
            </Style>
            <Style id="12853">
                <IconStyle id="12854">
                    <colorMode>normal</colorMode>
                    <scale>0.8</scale>
                    <heading>0</heading>
                    <Icon id="12855">
                        <href>http://maps.google.com/mapfiles/kml/pushpin/red-pushpin.png</href>
                    </Icon>
                </IconStyle>
            </Style>
            <Style id="12858">
                <IconStyle id="12859">
                    <colorMode>normal</colorMode>
                    <scale>0.8</scale>
                    <heading>0</heading>
                    <Icon id="12860">
                        <href>http://maps.google.com/mapfiles/kml/pushpin/red-pushpin.png</href>
                    </Icon>
                </IconStyle>
            </Style>
            <Style id="12863">
                <IconStyle id="12864">
                    <colorMode>normal</colorMode>
                    <scale>0.8</scale>
                    <heading>0</heading>
                    <Icon id="12865">
                        <href>http://maps.google.com/mapfiles/kml/pushpin/red-pushpin.png</href>
                    </Icon>
                </IconStyle>
            </Style>
            <Style id="12868">
                <IconStyle id="12869">
                    <colorMode>normal</colorMode>
                    <scale>0.8</scale>
                    <heading>0</heading>
                    <Icon id="12870">
                        <href>http://maps.google.com/mapfiles/kml/pushpin/red-pushpin.png</href>
                    </Icon>
                </IconStyle>
            </Style>
            <Style id="12873">
                <IconStyle id="12874">
                    <colorMode>normal</colorMode>
                    <scale>0.8</scale>
                    <heading>0</heading>
                    <Icon id="12875">
                        <href>http://maps.google.com/mapfiles/kml/pushpin/red-pushpin.png</href>
                    </Icon>
                </IconStyle>
            </Style>
            <Style id="12878">
                <IconStyle id="12879">
                    <colorMode>normal</colorMode>
                    <scale>0.8</scale>
                    <heading>0</heading>
                    <Icon id="12880">
                        <href>http://maps.google.com/mapfiles/kml/pushpin/red-pushpin.png</href>
                    </Icon>
                </IconStyle>
            </Style>
            <Style id="12883">
                <IconStyle id="12884">
                    <colorMode>normal</colorMode>
                    <scale>0.8</scale>
                    <heading>0</heading>
                    <Icon id="12885">
                        <href>http://maps.google.com/mapfiles/kml/pushpin/red-pushpin.png</href>
                    </Icon>
                </IconStyle>
            </Style>
            <Style id="12888">
                <IconStyle id="12889">
                    <colorMode>normal</colorMode>
                    <scale>0.8</scale>
                    <heading>0</heading>
                    <Icon id="12890">
                        <href>http://maps.google.com/mapfiles/kml/pushpin/red-pushpin.png</href>
                    </Icon>
                </IconStyle>
            </Style>
            <Style id="12893">
                <IconStyle id="12894">
                    <colorMode>normal</colorMode>
                    <scale>0.8</scale>
                    <heading>0</heading>
                    <Icon id="12895">
                        <href>http://maps.google.com/mapfiles/kml/pushpin/red-pushpin.png</href>
                    </Icon>
                </IconStyle>
            </Style>
            <Style id="12898">
                <IconStyle id="12899">
                    <colorMode>normal</colorMode>
                    <scale>0.8</scale>
                    <heading>0</heading>
                    <Icon id="12900">
                        <href>http://maps.google.com/mapfiles/kml/pushpin/red-pushpin.png</href>
                    </Icon>
                </IconStyle>
            </Style>
            <Style id="12903">
                <IconStyle id="12904">
                    <colorMode>normal</colorMode>
                    <scale>0.8</scale>
                    <heading>0</heading>
                    <Icon id="12905">
                        <href>http://maps.google.com/mapfiles/kml/pushpin/red-pushpin.png</href>
                    </Icon>
                </IconStyle>
            </Style>
            <Style id="12908">
                <IconStyle id="12909">
                    <colorMode>normal</colorMode>
                    <scale>0.8</scale>
                    <heading>0</heading>
                    <Icon id="12910">
                        <href>http://maps.google.com/mapfiles/kml/pushpin/red-pushpin.png</href>
                    </Icon>
                </IconStyle>
            </Style>
            <Style id="12913">
                <IconStyle id="12914">
                    <colorMode>normal</colorMode>
                    <scale>0.8</scale>
                    <heading>0</heading>
                    <Icon id="12915">
                        <href>http://maps.google.com/mapfiles/kml/pushpin/red-pushpin.png</href>
                    </Icon>
                </IconStyle>
            </Style>
            <Style id="12918">
                <IconStyle id="12919">
                    <colorMode>normal</colorMode>
                    <scale>0.8</scale>
                    <heading>0</heading>
                    <Icon id="12920">
                        <href>http://maps.google.com/mapfiles/kml/pushpin/red-pushpin.png</href>
                    </Icon>
                </IconStyle>
            </Style>
            <Style id="12923">
                <IconStyle id="12924">
                    <colorMode>normal</colorMode>
                    <scale>0.8</scale>
                    <heading>0</heading>
                    <Icon id="12925">
                        <href>http://maps.google.com/mapfiles/kml/pushpin/red-pushpin.png</href>
                    </Icon>
                </IconStyle>
            </Style>
            <Style id="12928">
                <IconStyle id="12929">
                    <colorMode>normal</colorMode>
                    <scale>0.8</scale>
                    <heading>0</heading>
                    <Icon id="12930">
                        <href>http://maps.google.com/mapfiles/kml/pushpin/red-pushpin.png</href>
                    </Icon>
                </IconStyle>
            </Style>
            <Style id="12933">
                <IconStyle id="12934">
                    <colorMode>normal</colorMode>
                    <scale>0.8</scale>
                    <heading>0</heading>
                    <Icon id="12935">
                        <href>http://maps.google.com/mapfiles/kml/pushpin/red-pushpin.png</href>
                    </Icon>
                </IconStyle>
            </Style>
            <Style id="12938">
                <IconStyle id="12939">
                    <colorMode>normal</colorMode>
                    <scale>0.8</scale>
                    <heading>0</heading>
                    <Icon id="12940">
                        <href>http://maps.google.com/mapfiles/kml/pushpin/red-pushpin.png</href>
                    </Icon>
                </IconStyle>
            </Style>
            <Style id="12943">
                <IconStyle id="12944">
                    <colorMode>normal</colorMode>
                    <scale>0.8</scale>
                    <heading>0</heading>
                    <Icon id="12945">
                        <href>http://maps.google.com/mapfiles/kml/pushpin/red-pushpin.png</href>
                    </Icon>
                </IconStyle>
            </Style>
            <Style id="12948">
                <IconStyle id="12949">
                    <colorMode>normal</colorMode>
                    <scale>0.8</scale>
                    <heading>0</heading>
                    <Icon id="12950">
                        <href>http://maps.google.com/mapfiles/kml/pushpin/red-pushpin.png</href>
                    </Icon>
                </IconStyle>
            </Style>
            <Style id="12953">
                <IconStyle id="12954">
                    <colorMode>normal</colorMode>
                    <scale>0.8</scale>
                    <heading>0</heading>
                    <Icon id="12955">
                        <href>http://maps.google.com/mapfiles/kml/pushpin/red-pushpin.png</href>
                    </Icon>
                </IconStyle>
            </Style>
            <Style id="12958">
                <IconStyle id="12959">
                    <colorMode>normal</colorMode>
                    <scale>0.8</scale>
                    <heading>0</heading>
                    <Icon id="12960">
                        <href>http://maps.google.com/mapfiles/kml/pushpin/red-pushpin.png</href>
                    </Icon>
                </IconStyle>
            </Style>
            <Style id="12963">
                <IconStyle id="12964">
                    <colorMode>normal</colorMode>
                    <scale>0.8</scale>
                    <heading>0</heading>
                    <Icon id="12965">
                        <href>http://maps.google.com/mapfiles/kml/pushpin/red-pushpin.png</href>
                    </Icon>
                </IconStyle>
            </Style>
            <Style id="12968">
                <IconStyle id="12969">
                    <colorMode>normal</colorMode>
                    <scale>0.8</scale>
                    <heading>0</heading>
                    <Icon id="12970">
                        <href>http://maps.google.com/mapfiles/kml/pushpin/red-pushpin.png</href>
                    </Icon>
                </IconStyle>
            </Style>
            <Style id="12973">
                <IconStyle id="12974">
                    <colorMode>normal</colorMode>
                    <scale>0.8</scale>
                    <heading>0</heading>
                    <Icon id="12975">
                        <href>http://maps.google.com/mapfiles/kml/pushpin/red-pushpin.png</href>
                    </Icon>
                </IconStyle>
            </Style>
            <Style id="12978">
                <IconStyle id="12979">
                    <colorMode>normal</colorMode>
                    <scale>0.8</scale>
                    <heading>0</heading>
                    <Icon id="12980">
                        <href>http://maps.google.com/mapfiles/kml/pushpin/red-pushpin.png</href>
                    </Icon>
                </IconStyle>
            </Style>
            <Style id="12983">
                <IconStyle id="12984">
                    <colorMode>normal</colorMode>
                    <scale>0.8</scale>
                    <heading>0</heading>
                    <Icon id="12985">
                        <href>http://maps.google.com/mapfiles/kml/pushpin/red-pushpin.png</href>
                    </Icon>
                </IconStyle>
            </Style>
            <Style id="12988">
                <IconStyle id="12989">
                    <colorMode>normal</colorMode>
                    <scale>0.8</scale>
                    <heading>0</heading>
                    <Icon id="12990">
                        <href>http://maps.google.com/mapfiles/kml/pushpin/red-pushpin.png</href>
                    </Icon>
                </IconStyle>
            </Style>
            <Style id="12993">
                <IconStyle id="12994">
                    <colorMode>normal</colorMode>
                    <scale>0.8</scale>
                    <heading>0</heading>
                    <Icon id="12995">
                        <href>http://maps.google.com/mapfiles/kml/pushpin/red-pushpin.png</href>
                    </Icon>
                </IconStyle>
            </Style>
            <Style id="12998">
                <IconStyle id="12999">
                    <colorMode>normal</colorMode>
                    <scale>0.8</scale>
                    <heading>0</heading>
                    <Icon id="13000">
                        <href>http://maps.google.com/mapfiles/kml/pushpin/red-pushpin.png</href>
                    </Icon>
                </IconStyle>
            </Style>
            <Style id="13003">
                <IconStyle id="13004">
                    <colorMode>normal</colorMode>
                    <scale>0.8</scale>
                    <heading>0</heading>
                    <Icon id="13005">
                        <href>http://maps.google.com/mapfiles/kml/pushpin/red-pushpin.png</href>
                    </Icon>
                </IconStyle>
            </Style>
            <Style id="13008">
                <IconStyle id="13009">
                    <colorMode>normal</colorMode>
                    <scale>0.8</scale>
                    <heading>0</heading>
                    <Icon id="13010">
                        <href>http://maps.google.com/mapfiles/kml/pushpin/red-pushpin.png</href>
                    </Icon>
                </IconStyle>
            </Style>
            <Style id="13013">
                <IconStyle id="13014">
                    <colorMode>normal</colorMode>
                    <scale>0.8</scale>
                    <heading>0</heading>
                    <Icon id="13015">
                        <href>http://maps.google.com/mapfiles/kml/pushpin/red-pushpin.png</href>
                    </Icon>
                </IconStyle>
            </Style>
            <Style id="13018">
                <IconStyle id="13019">
                    <colorMode>normal</colorMode>
                    <scale>0.8</scale>
                    <heading>0</heading>
                    <Icon id="13020">
                        <href>http://maps.google.com/mapfiles/kml/pushpin/red-pushpin.png</href>
                    </Icon>
                </IconStyle>
            </Style>
            <Style id="13023">
                <IconStyle id="13024">
                    <colorMode>normal</colorMode>
                    <scale>0.8</scale>
                    <heading>0</heading>
                    <Icon id="13025">
                        <href>http://maps.google.com/mapfiles/kml/pushpin/red-pushpin.png</href>
                    </Icon>
                </IconStyle>
            </Style>
            <Style id="13028">
                <IconStyle id="13029">
                    <colorMode>normal</colorMode>
                    <scale>0.8</scale>
                    <heading>0</heading>
                    <Icon id="13030">
                        <href>http://maps.google.com/mapfiles/kml/pushpin/red-pushpin.png</href>
                    </Icon>
                </IconStyle>
            </Style>
            <Style id="13033">
                <IconStyle id="13034">
                    <colorMode>normal</colorMode>
                    <scale>0.8</scale>
                    <heading>0</heading>
                    <Icon id="13035">
                        <href>http://maps.google.com/mapfiles/kml/pushpin/red-pushpin.png</href>
                    </Icon>
                </IconStyle>
            </Style>
            <Style id="13038">
                <IconStyle id="13039">
                    <colorMode>normal</colorMode>
                    <scale>0.8</scale>
                    <heading>0</heading>
                    <Icon id="13040">
                        <href>http://maps.google.com/mapfiles/kml/pushpin/red-pushpin.png</href>
                    </Icon>
                </IconStyle>
            </Style>
            <Style id="13043">
                <IconStyle id="13044">
                    <colorMode>normal</colorMode>
                    <scale>0.8</scale>
                    <heading>0</heading>
                    <Icon id="13045">
                        <href>http://maps.google.com/mapfiles/kml/pushpin/red-pushpin.png</href>
                    </Icon>
                </IconStyle>
            </Style>
            <Style id="13048">
                <IconStyle id="13049">
                    <colorMode>normal</colorMode>
                    <scale>0.8</scale>
                    <heading>0</heading>
                    <Icon id="13050">
                        <href>http://maps.google.com/mapfiles/kml/pushpin/red-pushpin.png</href>
                    </Icon>
                </IconStyle>
            </Style>
            <Style id="13053">
                <IconStyle id="13054">
                    <colorMode>normal</colorMode>
                    <scale>0.8</scale>
                    <heading>0</heading>
                    <Icon id="13055">
                        <href>http://maps.google.com/mapfiles/kml/pushpin/red-pushpin.png</href>
                    </Icon>
                </IconStyle>
            </Style>
            <Style id="13058">
                <IconStyle id="13059">
                    <colorMode>normal</colorMode>
                    <scale>0.8</scale>
                    <heading>0</heading>
                    <Icon id="13060">
                        <href>http://maps.google.com/mapfiles/kml/pushpin/red-pushpin.png</href>
                    </Icon>
                </IconStyle>
            </Style>
            <Style id="13063">
                <IconStyle id="13064">
                    <colorMode>normal</colorMode>
                    <scale>0.8</scale>
                    <heading>0</heading>
                    <Icon id="13065">
                        <href>http://maps.google.com/mapfiles/kml/pushpin/red-pushpin.png</href>
                    </Icon>
                </IconStyle>
            </Style>
            <Style id="13068">
                <IconStyle id="13069">
                    <colorMode>normal</colorMode>
                    <scale>0.8</scale>
                    <heading>0</heading>
                    <Icon id="13070">
                        <href>http://maps.google.com/mapfiles/kml/pushpin/red-pushpin.png</href>
                    </Icon>
                </IconStyle>
            </Style>
            <Style id="13073">
                <IconStyle id="13074">
                    <colorMode>normal</colorMode>
                    <scale>0.8</scale>
                    <heading>0</heading>
                    <Icon id="13075">
                        <href>http://maps.google.com/mapfiles/kml/pushpin/red-pushpin.png</href>
                    </Icon>
                </IconStyle>
            </Style>
            <Style id="13078">
                <IconStyle id="13079">
                    <colorMode>normal</colorMode>
                    <scale>0.8</scale>
                    <heading>0</heading>
                    <Icon id="13080">
                        <href>http://maps.google.com/mapfiles/kml/pushpin/red-pushpin.png</href>
                    </Icon>
                </IconStyle>
            </Style>
            <Style id="13083">
                <IconStyle id="13084">
                    <colorMode>normal</colorMode>
                    <scale>0.8</scale>
                    <heading>0</heading>
                    <Icon id="13085">
                        <href>http://maps.google.com/mapfiles/kml/pushpin/red-pushpin.png</href>
                    </Icon>
                </IconStyle>
            </Style>
            <Style id="13088">
                <IconStyle id="13089">
                    <colorMode>normal</colorMode>
                    <scale>0.8</scale>
                    <heading>0</heading>
                    <Icon id="13090">
                        <href>http://maps.google.com/mapfiles/kml/pushpin/red-pushpin.png</href>
                    </Icon>
                </IconStyle>
            </Style>
            <Style id="13093">
                <IconStyle id="13094">
                    <colorMode>normal</colorMode>
                    <scale>0.8</scale>
                    <heading>0</heading>
                    <Icon id="13095">
                        <href>http://maps.google.com/mapfiles/kml/pushpin/red-pushpin.png</href>
                    </Icon>
                </IconStyle>
            </Style>
            <Style id="13098">
                <IconStyle id="13099">
                    <colorMode>normal</colorMode>
                    <scale>0.8</scale>
                    <heading>0</heading>
                    <Icon id="13100">
                        <href>http://maps.google.com/mapfiles/kml/pushpin/red-pushpin.png</href>
                    </Icon>
                </IconStyle>
            </Style>
            <Style id="13103">
                <IconStyle id="13104">
                    <colorMode>normal</colorMode>
                    <scale>0.8</scale>
                    <heading>0</heading>
                    <Icon id="13105">
                        <href>http://maps.google.com/mapfiles/kml/pushpin/red-pushpin.png</href>
                    </Icon>
                </IconStyle>
            </Style>
            <Style id="13108">
                <IconStyle id="13109">
                    <colorMode>normal</colorMode>
                    <scale>0.8</scale>
                    <heading>0</heading>
                    <Icon id="13110">
                        <href>http://maps.google.com/mapfiles/kml/pushpin/red-pushpin.png</href>
                    </Icon>
                </IconStyle>
            </Style>
            <Style id="13113">
                <IconStyle id="13114">
                    <colorMode>normal</colorMode>
                    <scale>0.8</scale>
                    <heading>0</heading>
                    <Icon id="13115">
                        <href>http://maps.google.com/mapfiles/kml/pushpin/red-pushpin.png</href>
                    </Icon>
                </IconStyle>
            </Style>
            <Style id="13118">
                <IconStyle id="13119">
                    <colorMode>normal</colorMode>
                    <scale>0.8</scale>
                    <heading>0</heading>
                    <Icon id="13120">
                        <href>http://maps.google.com/mapfiles/kml/pushpin/red-pushpin.png</href>
                    </Icon>
                </IconStyle>
            </Style>
            <Style id="13123">
                <IconStyle id="13124">
                    <colorMode>normal</colorMode>
                    <scale>0.8</scale>
                    <heading>0</heading>
                    <Icon id="13125">
                        <href>http://maps.google.com/mapfiles/kml/pushpin/red-pushpin.png</href>
                    </Icon>
                </IconStyle>
            </Style>
            <Style id="13128">
                <IconStyle id="13129">
                    <colorMode>normal</colorMode>
                    <scale>0.8</scale>
                    <heading>0</heading>
                    <Icon id="13130">
                        <href>http://maps.google.com/mapfiles/kml/pushpin/red-pushpin.png</href>
                    </Icon>
                </IconStyle>
            </Style>
            <Style id="13133">
                <IconStyle id="13134">
                    <colorMode>normal</colorMode>
                    <scale>0.8</scale>
                    <heading>0</heading>
                    <Icon id="13135">
                        <href>http://maps.google.com/mapfiles/kml/pushpin/red-pushpin.png</href>
                    </Icon>
                </IconStyle>
            </Style>
            <Style id="13138">
                <IconStyle id="13139">
                    <colorMode>normal</colorMode>
                    <scale>0.8</scale>
                    <heading>0</heading>
                    <Icon id="13140">
                        <href>http://maps.google.com/mapfiles/kml/pushpin/red-pushpin.png</href>
                    </Icon>
                </IconStyle>
            </Style>
            <Style id="13143">
                <IconStyle id="13144">
                    <colorMode>normal</colorMode>
                    <scale>0.8</scale>
                    <heading>0</heading>
                    <Icon id="13145">
                        <href>http://maps.google.com/mapfiles/kml/pushpin/red-pushpin.png</href>
                    </Icon>
                </IconStyle>
            </Style>
            <Style id="13148">
                <IconStyle id="13149">
                    <colorMode>normal</colorMode>
                    <scale>0.8</scale>
                    <heading>0</heading>
                    <Icon id="13150">
                        <href>http://maps.google.com/mapfiles/kml/pushpin/red-pushpin.png</href>
                    </Icon>
                </IconStyle>
            </Style>
            <Style id="13153">
                <IconStyle id="13154">
                    <colorMode>normal</colorMode>
                    <scale>0.8</scale>
                    <heading>0</heading>
                    <Icon id="13155">
                        <href>http://maps.google.com/mapfiles/kml/pushpin/red-pushpin.png</href>
                    </Icon>
                </IconStyle>
            </Style>
            <Style id="13158">
                <IconStyle id="13159">
                    <colorMode>normal</colorMode>
                    <scale>0.8</scale>
                    <heading>0</heading>
                    <Icon id="13160">
                        <href>http://maps.google.com/mapfiles/kml/pushpin/red-pushpin.png</href>
                    </Icon>
                </IconStyle>
            </Style>
            <Style id="13163">
                <IconStyle id="13164">
                    <colorMode>normal</colorMode>
                    <scale>0.8</scale>
                    <heading>0</heading>
                    <Icon id="13165">
                        <href>http://maps.google.com/mapfiles/kml/pushpin/red-pushpin.png</href>
                    </Icon>
                </IconStyle>
            </Style>
            <Style id="13168">
                <IconStyle id="13169">
                    <colorMode>normal</colorMode>
                    <scale>0.8</scale>
                    <heading>0</heading>
                    <Icon id="13170">
                        <href>http://maps.google.com/mapfiles/kml/pushpin/red-pushpin.png</href>
                    </Icon>
                </IconStyle>
            </Style>
            <Style id="13173">
                <IconStyle id="13174">
                    <colorMode>normal</colorMode>
                    <scale>0.8</scale>
                    <heading>0</heading>
                    <Icon id="13175">
                        <href>http://maps.google.com/mapfiles/kml/pushpin/red-pushpin.png</href>
                    </Icon>
                </IconStyle>
            </Style>
            <Style id="13178">
                <IconStyle id="13179">
                    <colorMode>normal</colorMode>
                    <scale>0.8</scale>
                    <heading>0</heading>
                    <Icon id="13180">
                        <href>http://maps.google.com/mapfiles/kml/pushpin/red-pushpin.png</href>
                    </Icon>
                </IconStyle>
            </Style>
            <Style id="13183">
                <IconStyle id="13184">
                    <colorMode>normal</colorMode>
                    <scale>0.8</scale>
                    <heading>0</heading>
                    <Icon id="13185">
                        <href>http://maps.google.com/mapfiles/kml/pushpin/red-pushpin.png</href>
                    </Icon>
                </IconStyle>
            </Style>
            <Style id="13188">
                <IconStyle id="13189">
                    <colorMode>normal</colorMode>
                    <scale>0.8</scale>
                    <heading>0</heading>
                    <Icon id="13190">
                        <href>http://maps.google.com/mapfiles/kml/pushpin/red-pushpin.png</href>
                    </Icon>
                </IconStyle>
            </Style>
            <Style id="13193">
                <IconStyle id="13194">
                    <colorMode>normal</colorMode>
                    <scale>0.8</scale>
                    <heading>0</heading>
                    <Icon id="13195">
                        <href>http://maps.google.com/mapfiles/kml/pushpin/red-pushpin.png</href>
                    </Icon>
                </IconStyle>
            </Style>
            <Style id="13198">
                <IconStyle id="13199">
                    <colorMode>normal</colorMode>
                    <scale>0.8</scale>
                    <heading>0</heading>
                    <Icon id="13200">
                        <href>http://maps.google.com/mapfiles/kml/pushpin/red-pushpin.png</href>
                    </Icon>
                </IconStyle>
            </Style>
            <Style id="13203">
                <IconStyle id="13204">
                    <colorMode>normal</colorMode>
                    <scale>0.8</scale>
                    <heading>0</heading>
                    <Icon id="13205">
                        <href>http://maps.google.com/mapfiles/kml/pushpin/red-pushpin.png</href>
                    </Icon>
                </IconStyle>
            </Style>
            <Style id="13208">
                <IconStyle id="13209">
                    <colorMode>normal</colorMode>
                    <scale>0.8</scale>
                    <heading>0</heading>
                    <Icon id="13210">
                        <href>http://maps.google.com/mapfiles/kml/pushpin/red-pushpin.png</href>
                    </Icon>
                </IconStyle>
            </Style>
            <Style id="13213">
                <IconStyle id="13214">
                    <colorMode>normal</colorMode>
                    <scale>0.8</scale>
                    <heading>0</heading>
                    <Icon id="13215">
                        <href>http://maps.google.com/mapfiles/kml/pushpin/red-pushpin.png</href>
                    </Icon>
                </IconStyle>
            </Style>
            <Style id="13218">
                <IconStyle id="13219">
                    <colorMode>normal</colorMode>
                    <scale>0.8</scale>
                    <heading>0</heading>
                    <Icon id="13220">
                        <href>http://maps.google.com/mapfiles/kml/pushpin/red-pushpin.png</href>
                    </Icon>
                </IconStyle>
            </Style>
            <Style id="13223">
                <IconStyle id="13224">
                    <colorMode>normal</colorMode>
                    <scale>0.8</scale>
                    <heading>0</heading>
                    <Icon id="13225">
                        <href>http://maps.google.com/mapfiles/kml/pushpin/red-pushpin.png</href>
                    </Icon>
                </IconStyle>
            </Style>
            <Style id="13228">
                <IconStyle id="13229">
                    <colorMode>normal</colorMode>
                    <scale>0.8</scale>
                    <heading>0</heading>
                    <Icon id="13230">
                        <href>http://maps.google.com/mapfiles/kml/pushpin/red-pushpin.png</href>
                    </Icon>
                </IconStyle>
            </Style>
            <Style id="13233">
                <IconStyle id="13234">
                    <colorMode>normal</colorMode>
                    <scale>0.8</scale>
                    <heading>0</heading>
                    <Icon id="13235">
                        <href>http://maps.google.com/mapfiles/kml/pushpin/red-pushpin.png</href>
                    </Icon>
                </IconStyle>
            </Style>
            <Style id="13238">
                <IconStyle id="13239">
                    <colorMode>normal</colorMode>
                    <scale>0.8</scale>
                    <heading>0</heading>
                    <Icon id="13240">
                        <href>http://maps.google.com/mapfiles/kml/pushpin/red-pushpin.png</href>
                    </Icon>
                </IconStyle>
            </Style>
            <Style id="13243">
                <IconStyle id="13244">
                    <colorMode>normal</colorMode>
                    <scale>0.8</scale>
                    <heading>0</heading>
                    <Icon id="13245">
                        <href>http://maps.google.com/mapfiles/kml/pushpin/red-pushpin.png</href>
                    </Icon>
                </IconStyle>
            </Style>
            <Style id="13248">
                <IconStyle id="13249">
                    <colorMode>normal</colorMode>
                    <scale>0.8</scale>
                    <heading>0</heading>
                    <Icon id="13250">
                        <href>http://maps.google.com/mapfiles/kml/pushpin/red-pushpin.png</href>
                    </Icon>
                </IconStyle>
            </Style>
            <Style id="13253">
                <IconStyle id="13254">
                    <colorMode>normal</colorMode>
                    <scale>0.8</scale>
                    <heading>0</heading>
                    <Icon id="13255">
                        <href>http://maps.google.com/mapfiles/kml/pushpin/red-pushpin.png</href>
                    </Icon>
                </IconStyle>
            </Style>
            <Style id="13258">
                <IconStyle id="13259">
                    <colorMode>normal</colorMode>
                    <scale>0.8</scale>
                    <heading>0</heading>
                    <Icon id="13260">
                        <href>http://maps.google.com/mapfiles/kml/pushpin/red-pushpin.png</href>
                    </Icon>
                </IconStyle>
            </Style>
            <Style id="13263">
                <IconStyle id="13264">
                    <colorMode>normal</colorMode>
                    <scale>0.8</scale>
                    <heading>0</heading>
                    <Icon id="13265">
                        <href>http://maps.google.com/mapfiles/kml/pushpin/red-pushpin.png</href>
                    </Icon>
                </IconStyle>
            </Style>
            <Style id="13268">
                <IconStyle id="13269">
                    <colorMode>normal</colorMode>
                    <scale>0.8</scale>
                    <heading>0</heading>
                    <Icon id="13270">
                        <href>http://maps.google.com/mapfiles/kml/pushpin/red-pushpin.png</href>
                    </Icon>
                </IconStyle>
            </Style>
            <Style id="13273">
                <IconStyle id="13274">
                    <colorMode>normal</colorMode>
                    <scale>0.8</scale>
                    <heading>0</heading>
                    <Icon id="13275">
                        <href>http://maps.google.com/mapfiles/kml/pushpin/red-pushpin.png</href>
                    </Icon>
                </IconStyle>
            </Style>
            <Style id="13278">
                <IconStyle id="13279">
                    <colorMode>normal</colorMode>
                    <scale>0.8</scale>
                    <heading>0</heading>
                    <Icon id="13280">
                        <href>http://maps.google.com/mapfiles/kml/pushpin/red-pushpin.png</href>
                    </Icon>
                </IconStyle>
            </Style>
            <Style id="13283">
                <IconStyle id="13284">
                    <colorMode>normal</colorMode>
                    <scale>0.8</scale>
                    <heading>0</heading>
                    <Icon id="13285">
                        <href>http://maps.google.com/mapfiles/kml/pushpin/red-pushpin.png</href>
                    </Icon>
                </IconStyle>
            </Style>
            <Style id="13288">
                <IconStyle id="13289">
                    <colorMode>normal</colorMode>
                    <scale>0.8</scale>
                    <heading>0</heading>
                    <Icon id="13290">
                        <href>http://maps.google.com/mapfiles/kml/pushpin/red-pushpin.png</href>
                    </Icon>
                </IconStyle>
            </Style>
            <Style id="13293">
                <IconStyle id="13294">
                    <colorMode>normal</colorMode>
                    <scale>0.8</scale>
                    <heading>0</heading>
                    <Icon id="13295">
                        <href>http://maps.google.com/mapfiles/kml/pushpin/red-pushpin.png</href>
                    </Icon>
                </IconStyle>
            </Style>
            <Style id="13298">
                <IconStyle id="13299">
                    <colorMode>normal</colorMode>
                    <scale>0.8</scale>
                    <heading>0</heading>
                    <Icon id="13300">
                        <href>http://maps.google.com/mapfiles/kml/pushpin/red-pushpin.png</href>
                    </Icon>
                </IconStyle>
            </Style>
            <Style id="13303">
                <IconStyle id="13304">
                    <colorMode>normal</colorMode>
                    <scale>0.8</scale>
                    <heading>0</heading>
                    <Icon id="13305">
                        <href>http://maps.google.com/mapfiles/kml/pushpin/red-pushpin.png</href>
                    </Icon>
                </IconStyle>
            </Style>
            <Style id="13308">
                <IconStyle id="13309">
                    <colorMode>normal</colorMode>
                    <scale>0.8</scale>
                    <heading>0</heading>
                    <Icon id="13310">
                        <href>http://maps.google.com/mapfiles/kml/pushpin/red-pushpin.png</href>
                    </Icon>
                </IconStyle>
            </Style>
            <Style id="13313">
                <IconStyle id="13314">
                    <colorMode>normal</colorMode>
                    <scale>0.8</scale>
                    <heading>0</heading>
                    <Icon id="13315">
                        <href>http://maps.google.com/mapfiles/kml/pushpin/red-pushpin.png</href>
                    </Icon>
                </IconStyle>
            </Style>
            <Style id="13318">
                <IconStyle id="13319">
                    <colorMode>normal</colorMode>
                    <scale>0.8</scale>
                    <heading>0</heading>
                    <Icon id="13320">
                        <href>http://maps.google.com/mapfiles/kml/pushpin/red-pushpin.png</href>
                    </Icon>
                </IconStyle>
            </Style>
            <Style id="13323">
                <IconStyle id="13324">
                    <colorMode>normal</colorMode>
                    <scale>0.8</scale>
                    <heading>0</heading>
                    <Icon id="13325">
                        <href>http://maps.google.com/mapfiles/kml/pushpin/red-pushpin.png</href>
                    </Icon>
                </IconStyle>
            </Style>
            <Style id="13328">
                <IconStyle id="13329">
                    <colorMode>normal</colorMode>
                    <scale>0.8</scale>
                    <heading>0</heading>
                    <Icon id="13330">
                        <href>http://maps.google.com/mapfiles/kml/pushpin/red-pushpin.png</href>
                    </Icon>
                </IconStyle>
            </Style>
            <Style id="13333">
                <IconStyle id="13334">
                    <colorMode>normal</colorMode>
                    <scale>0.8</scale>
                    <heading>0</heading>
                    <Icon id="13335">
                        <href>http://maps.google.com/mapfiles/kml/pushpin/red-pushpin.png</href>
                    </Icon>
                </IconStyle>
            </Style>
            <Style id="13338">
                <IconStyle id="13339">
                    <colorMode>normal</colorMode>
                    <scale>0.8</scale>
                    <heading>0</heading>
                    <Icon id="13340">
                        <href>http://maps.google.com/mapfiles/kml/pushpin/red-pushpin.png</href>
                    </Icon>
                </IconStyle>
            </Style>
            <Style id="13343">
                <IconStyle id="13344">
                    <colorMode>normal</colorMode>
                    <scale>0.8</scale>
                    <heading>0</heading>
                    <Icon id="13345">
                        <href>http://maps.google.com/mapfiles/kml/pushpin/red-pushpin.png</href>
                    </Icon>
                </IconStyle>
            </Style>
            <Style id="13348">
                <IconStyle id="13349">
                    <colorMode>normal</colorMode>
                    <scale>0.8</scale>
                    <heading>0</heading>
                    <Icon id="13350">
                        <href>http://maps.google.com/mapfiles/kml/pushpin/red-pushpin.png</href>
                    </Icon>
                </IconStyle>
            </Style>
            <Style id="13353">
                <IconStyle id="13354">
                    <colorMode>normal</colorMode>
                    <scale>0.8</scale>
                    <heading>0</heading>
                    <Icon id="13355">
                        <href>http://maps.google.com/mapfiles/kml/pushpin/red-pushpin.png</href>
                    </Icon>
                </IconStyle>
            </Style>
            <Style id="13358">
                <IconStyle id="13359">
                    <colorMode>normal</colorMode>
                    <scale>0.8</scale>
                    <heading>0</heading>
                    <Icon id="13360">
                        <href>http://maps.google.com/mapfiles/kml/pushpin/red-pushpin.png</href>
                    </Icon>
                </IconStyle>
            </Style>
            <Style id="13363">
                <IconStyle id="13364">
                    <colorMode>normal</colorMode>
                    <scale>0.8</scale>
                    <heading>0</heading>
                    <Icon id="13365">
                        <href>http://maps.google.com/mapfiles/kml/pushpin/red-pushpin.png</href>
                    </Icon>
                </IconStyle>
            </Style>
            <Style id="13368">
                <IconStyle id="13369">
                    <colorMode>normal</colorMode>
                    <scale>0.8</scale>
                    <heading>0</heading>
                    <Icon id="13370">
                        <href>http://maps.google.com/mapfiles/kml/pushpin/red-pushpin.png</href>
                    </Icon>
                </IconStyle>
            </Style>
            <Style id="13373">
                <IconStyle id="13374">
                    <colorMode>normal</colorMode>
                    <scale>0.8</scale>
                    <heading>0</heading>
                    <Icon id="13375">
                        <href>http://maps.google.com/mapfiles/kml/pushpin/red-pushpin.png</href>
                    </Icon>
                </IconStyle>
            </Style>
            <Style id="13378">
                <IconStyle id="13379">
                    <colorMode>normal</colorMode>
                    <scale>0.8</scale>
                    <heading>0</heading>
                    <Icon id="13380">
                        <href>http://maps.google.com/mapfiles/kml/pushpin/red-pushpin.png</href>
                    </Icon>
                </IconStyle>
            </Style>
            <Style id="13383">
                <IconStyle id="13384">
                    <colorMode>normal</colorMode>
                    <scale>0.8</scale>
                    <heading>0</heading>
                    <Icon id="13385">
                        <href>http://maps.google.com/mapfiles/kml/pushpin/red-pushpin.png</href>
                    </Icon>
                </IconStyle>
            </Style>
            <Style id="13388">
                <IconStyle id="13389">
                    <colorMode>normal</colorMode>
                    <scale>0.8</scale>
                    <heading>0</heading>
                    <Icon id="13390">
                        <href>http://maps.google.com/mapfiles/kml/pushpin/red-pushpin.png</href>
                    </Icon>
                </IconStyle>
            </Style>
            <Style id="13393">
                <IconStyle id="13394">
                    <colorMode>normal</colorMode>
                    <scale>0.8</scale>
                    <heading>0</heading>
                    <Icon id="13395">
                        <href>http://maps.google.com/mapfiles/kml/pushpin/red-pushpin.png</href>
                    </Icon>
                </IconStyle>
            </Style>
            <Style id="13398">
                <IconStyle id="13399">
                    <colorMode>normal</colorMode>
                    <scale>0.8</scale>
                    <heading>0</heading>
                    <Icon id="13400">
                        <href>http://maps.google.com/mapfiles/kml/pushpin/red-pushpin.png</href>
                    </Icon>
                </IconStyle>
            </Style>
            <Style id="13403">
                <IconStyle id="13404">
                    <colorMode>normal</colorMode>
                    <scale>0.8</scale>
                    <heading>0</heading>
                    <Icon id="13405">
                        <href>http://maps.google.com/mapfiles/kml/pushpin/red-pushpin.png</href>
                    </Icon>
                </IconStyle>
            </Style>
            <Style id="13408">
                <IconStyle id="13409">
                    <colorMode>normal</colorMode>
                    <scale>0.8</scale>
                    <heading>0</heading>
                    <Icon id="13410">
                        <href>http://maps.google.com/mapfiles/kml/pushpin/red-pushpin.png</href>
                    </Icon>
                </IconStyle>
            </Style>
            <Style id="13413">
                <IconStyle id="13414">
                    <colorMode>normal</colorMode>
                    <scale>0.8</scale>
                    <heading>0</heading>
                    <Icon id="13415">
                        <href>http://maps.google.com/mapfiles/kml/pushpin/red-pushpin.png</href>
                    </Icon>
                </IconStyle>
            </Style>
            <Style id="13418">
                <IconStyle id="13419">
                    <colorMode>normal</colorMode>
                    <scale>0.8</scale>
                    <heading>0</heading>
                    <Icon id="13420">
                        <href>http://maps.google.com/mapfiles/kml/pushpin/red-pushpin.png</href>
                    </Icon>
                </IconStyle>
            </Style>
            <Style id="13423">
                <IconStyle id="13424">
                    <colorMode>normal</colorMode>
                    <scale>0.8</scale>
                    <heading>0</heading>
                    <Icon id="13425">
                        <href>http://maps.google.com/mapfiles/kml/pushpin/red-pushpin.png</href>
                    </Icon>
                </IconStyle>
            </Style>
            <Style id="13428">
                <IconStyle id="13429">
                    <colorMode>normal</colorMode>
                    <scale>0.8</scale>
                    <heading>0</heading>
                    <Icon id="13430">
                        <href>http://maps.google.com/mapfiles/kml/pushpin/red-pushpin.png</href>
                    </Icon>
                </IconStyle>
            </Style>
            <Style id="13433">
                <IconStyle id="13434">
                    <colorMode>normal</colorMode>
                    <scale>0.8</scale>
                    <heading>0</heading>
                    <Icon id="13435">
                        <href>http://maps.google.com/mapfiles/kml/pushpin/red-pushpin.png</href>
                    </Icon>
                </IconStyle>
            </Style>
            <Style id="13438">
                <IconStyle id="13439">
                    <colorMode>normal</colorMode>
                    <scale>0.8</scale>
                    <heading>0</heading>
                    <Icon id="13440">
                        <href>http://maps.google.com/mapfiles/kml/pushpin/red-pushpin.png</href>
                    </Icon>
                </IconStyle>
            </Style>
            <Style id="13443">
                <IconStyle id="13444">
                    <colorMode>normal</colorMode>
                    <scale>0.8</scale>
                    <heading>0</heading>
                    <Icon id="13445">
                        <href>http://maps.google.com/mapfiles/kml/pushpin/red-pushpin.png</href>
                    </Icon>
                </IconStyle>
            </Style>
            <Style id="13448">
                <IconStyle id="13449">
                    <colorMode>normal</colorMode>
                    <scale>0.8</scale>
                    <heading>0</heading>
                    <Icon id="13450">
                        <href>http://maps.google.com/mapfiles/kml/pushpin/red-pushpin.png</href>
                    </Icon>
                </IconStyle>
            </Style>
            <Style id="13453">
                <IconStyle id="13454">
                    <colorMode>normal</colorMode>
                    <scale>0.8</scale>
                    <heading>0</heading>
                    <Icon id="13455">
                        <href>http://maps.google.com/mapfiles/kml/pushpin/red-pushpin.png</href>
                    </Icon>
                </IconStyle>
            </Style>
            <Style id="13458">
                <IconStyle id="13459">
                    <colorMode>normal</colorMode>
                    <scale>0.8</scale>
                    <heading>0</heading>
                    <Icon id="13460">
                        <href>http://maps.google.com/mapfiles/kml/pushpin/red-pushpin.png</href>
                    </Icon>
                </IconStyle>
            </Style>
            <Style id="13463">
                <IconStyle id="13464">
                    <colorMode>normal</colorMode>
                    <scale>0.8</scale>
                    <heading>0</heading>
                    <Icon id="13465">
                        <href>http://maps.google.com/mapfiles/kml/pushpin/red-pushpin.png</href>
                    </Icon>
                </IconStyle>
            </Style>
            <Style id="13468">
                <IconStyle id="13469">
                    <colorMode>normal</colorMode>
                    <scale>0.8</scale>
                    <heading>0</heading>
                    <Icon id="13470">
                        <href>http://maps.google.com/mapfiles/kml/pushpin/red-pushpin.png</href>
                    </Icon>
                </IconStyle>
            </Style>
            <Style id="13473">
                <IconStyle id="13474">
                    <colorMode>normal</colorMode>
                    <scale>0.8</scale>
                    <heading>0</heading>
                    <Icon id="13475">
                        <href>http://maps.google.com/mapfiles/kml/pushpin/red-pushpin.png</href>
                    </Icon>
                </IconStyle>
            </Style>
            <Style id="13478">
                <IconStyle id="13479">
                    <colorMode>normal</colorMode>
                    <scale>0.8</scale>
                    <heading>0</heading>
                    <Icon id="13480">
                        <href>http://maps.google.com/mapfiles/kml/pushpin/red-pushpin.png</href>
                    </Icon>
                </IconStyle>
            </Style>
            <Style id="13483">
                <IconStyle id="13484">
                    <colorMode>normal</colorMode>
                    <scale>0.8</scale>
                    <heading>0</heading>
                    <Icon id="13485">
                        <href>http://maps.google.com/mapfiles/kml/pushpin/red-pushpin.png</href>
                    </Icon>
                </IconStyle>
            </Style>
            <Style id="13488">
                <IconStyle id="13489">
                    <colorMode>normal</colorMode>
                    <scale>0.8</scale>
                    <heading>0</heading>
                    <Icon id="13490">
                        <href>http://maps.google.com/mapfiles/kml/pushpin/red-pushpin.png</href>
                    </Icon>
                </IconStyle>
            </Style>
            <Style id="13493">
                <IconStyle id="13494">
                    <colorMode>normal</colorMode>
                    <scale>0.8</scale>
                    <heading>0</heading>
                    <Icon id="13495">
                        <href>http://maps.google.com/mapfiles/kml/pushpin/red-pushpin.png</href>
                    </Icon>
                </IconStyle>
            </Style>
            <Style id="13498">
                <IconStyle id="13499">
                    <colorMode>normal</colorMode>
                    <scale>0.8</scale>
                    <heading>0</heading>
                    <Icon id="13500">
                        <href>http://maps.google.com/mapfiles/kml/pushpin/red-pushpin.png</href>
                    </Icon>
                </IconStyle>
            </Style>
            <Style id="13503">
                <IconStyle id="13504">
                    <colorMode>normal</colorMode>
                    <scale>0.8</scale>
                    <heading>0</heading>
                    <Icon id="13505">
                        <href>http://maps.google.com/mapfiles/kml/pushpin/red-pushpin.png</href>
                    </Icon>
                </IconStyle>
            </Style>
            <Style id="13508">
                <IconStyle id="13509">
                    <colorMode>normal</colorMode>
                    <scale>0.8</scale>
                    <heading>0</heading>
                    <Icon id="13510">
                        <href>http://maps.google.com/mapfiles/kml/pushpin/red-pushpin.png</href>
                    </Icon>
                </IconStyle>
            </Style>
            <Style id="13513">
                <IconStyle id="13514">
                    <colorMode>normal</colorMode>
                    <scale>0.8</scale>
                    <heading>0</heading>
                    <Icon id="13515">
                        <href>http://maps.google.com/mapfiles/kml/pushpin/red-pushpin.png</href>
                    </Icon>
                </IconStyle>
            </Style>
            <Style id="13518">
                <IconStyle id="13519">
                    <colorMode>normal</colorMode>
                    <scale>0.8</scale>
                    <heading>0</heading>
                    <Icon id="13520">
                        <href>http://maps.google.com/mapfiles/kml/pushpin/red-pushpin.png</href>
                    </Icon>
                </IconStyle>
            </Style>
            <Style id="13523">
                <IconStyle id="13524">
                    <colorMode>normal</colorMode>
                    <scale>0.8</scale>
                    <heading>0</heading>
                    <Icon id="13525">
                        <href>http://maps.google.com/mapfiles/kml/pushpin/red-pushpin.png</href>
                    </Icon>
                </IconStyle>
            </Style>
            <Style id="13528">
                <IconStyle id="13529">
                    <colorMode>normal</colorMode>
                    <scale>0.8</scale>
                    <heading>0</heading>
                    <Icon id="13530">
                        <href>http://maps.google.com/mapfiles/kml/pushpin/red-pushpin.png</href>
                    </Icon>
                </IconStyle>
            </Style>
            <Style id="13533">
                <IconStyle id="13534">
                    <colorMode>normal</colorMode>
                    <scale>0.8</scale>
                    <heading>0</heading>
                    <Icon id="13535">
                        <href>http://maps.google.com/mapfiles/kml/pushpin/red-pushpin.png</href>
                    </Icon>
                </IconStyle>
            </Style>
            <Style id="13538">
                <IconStyle id="13539">
                    <colorMode>normal</colorMode>
                    <scale>0.8</scale>
                    <heading>0</heading>
                    <Icon id="13540">
                        <href>http://maps.google.com/mapfiles/kml/pushpin/red-pushpin.png</href>
                    </Icon>
                </IconStyle>
            </Style>
            <Style id="13543">
                <IconStyle id="13544">
                    <colorMode>normal</colorMode>
                    <scale>0.8</scale>
                    <heading>0</heading>
                    <Icon id="13545">
                        <href>http://maps.google.com/mapfiles/kml/pushpin/red-pushpin.png</href>
                    </Icon>
                </IconStyle>
            </Style>
            <Style id="13548">
                <IconStyle id="13549">
                    <colorMode>normal</colorMode>
                    <scale>0.8</scale>
                    <heading>0</heading>
                    <Icon id="13550">
                        <href>http://maps.google.com/mapfiles/kml/pushpin/red-pushpin.png</href>
                    </Icon>
                </IconStyle>
            </Style>
            <Style id="13553">
                <IconStyle id="13554">
                    <colorMode>normal</colorMode>
                    <scale>0.8</scale>
                    <heading>0</heading>
                    <Icon id="13555">
                        <href>http://maps.google.com/mapfiles/kml/pushpin/red-pushpin.png</href>
                    </Icon>
                </IconStyle>
            </Style>
            <Style id="13558">
                <IconStyle id="13559">
                    <colorMode>normal</colorMode>
                    <scale>0.8</scale>
                    <heading>0</heading>
                    <Icon id="13560">
                        <href>http://maps.google.com/mapfiles/kml/pushpin/red-pushpin.png</href>
                    </Icon>
                </IconStyle>
            </Style>
            <Style id="13563">
                <IconStyle id="13564">
                    <colorMode>normal</colorMode>
                    <scale>0.8</scale>
                    <heading>0</heading>
                    <Icon id="13565">
                        <href>http://maps.google.com/mapfiles/kml/pushpin/red-pushpin.png</href>
                    </Icon>
                </IconStyle>
            </Style>
            <Style id="13568">
                <IconStyle id="13569">
                    <colorMode>normal</colorMode>
                    <scale>0.8</scale>
                    <heading>0</heading>
                    <Icon id="13570">
                        <href>http://maps.google.com/mapfiles/kml/pushpin/red-pushpin.png</href>
                    </Icon>
                </IconStyle>
            </Style>
            <Style id="13573">
                <IconStyle id="13574">
                    <colorMode>normal</colorMode>
                    <scale>0.8</scale>
                    <heading>0</heading>
                    <Icon id="13575">
                        <href>http://maps.google.com/mapfiles/kml/pushpin/red-pushpin.png</href>
                    </Icon>
                </IconStyle>
            </Style>
            <Style id="13578">
                <IconStyle id="13579">
                    <colorMode>normal</colorMode>
                    <scale>0.8</scale>
                    <heading>0</heading>
                    <Icon id="13580">
                        <href>http://maps.google.com/mapfiles/kml/pushpin/red-pushpin.png</href>
                    </Icon>
                </IconStyle>
            </Style>
            <Style id="13583">
                <IconStyle id="13584">
                    <colorMode>normal</colorMode>
                    <scale>0.8</scale>
                    <heading>0</heading>
                    <Icon id="13585">
                        <href>http://maps.google.com/mapfiles/kml/pushpin/red-pushpin.png</href>
                    </Icon>
                </IconStyle>
            </Style>
            <Style id="13588">
                <IconStyle id="13589">
                    <colorMode>normal</colorMode>
                    <scale>0.8</scale>
                    <heading>0</heading>
                    <Icon id="13590">
                        <href>http://maps.google.com/mapfiles/kml/pushpin/red-pushpin.png</href>
                    </Icon>
                </IconStyle>
            </Style>
            <Style id="13593">
                <IconStyle id="13594">
                    <colorMode>normal</colorMode>
                    <scale>0.8</scale>
                    <heading>0</heading>
                    <Icon id="13595">
                        <href>http://maps.google.com/mapfiles/kml/pushpin/red-pushpin.png</href>
                    </Icon>
                </IconStyle>
            </Style>
            <Style id="13598">
                <IconStyle id="13599">
                    <colorMode>normal</colorMode>
                    <scale>0.8</scale>
                    <heading>0</heading>
                    <Icon id="13600">
                        <href>http://maps.google.com/mapfiles/kml/pushpin/red-pushpin.png</href>
                    </Icon>
                </IconStyle>
            </Style>
            <Style id="13603">
                <IconStyle id="13604">
                    <colorMode>normal</colorMode>
                    <scale>0.8</scale>
                    <heading>0</heading>
                    <Icon id="13605">
                        <href>http://maps.google.com/mapfiles/kml/pushpin/red-pushpin.png</href>
                    </Icon>
                </IconStyle>
            </Style>
            <Style id="13608">
                <IconStyle id="13609">
                    <colorMode>normal</colorMode>
                    <scale>0.8</scale>
                    <heading>0</heading>
                    <Icon id="13610">
                        <href>http://maps.google.com/mapfiles/kml/pushpin/red-pushpin.png</href>
                    </Icon>
                </IconStyle>
            </Style>
            <Style id="13613">
                <IconStyle id="13614">
                    <colorMode>normal</colorMode>
                    <scale>0.8</scale>
                    <heading>0</heading>
                    <Icon id="13615">
                        <href>http://maps.google.com/mapfiles/kml/pushpin/red-pushpin.png</href>
                    </Icon>
                </IconStyle>
            </Style>
            <Style id="13618">
                <IconStyle id="13619">
                    <colorMode>normal</colorMode>
                    <scale>0.8</scale>
                    <heading>0</heading>
                    <Icon id="13620">
                        <href>http://maps.google.com/mapfiles/kml/pushpin/red-pushpin.png</href>
                    </Icon>
                </IconStyle>
            </Style>
            <Style id="13623">
                <IconStyle id="13624">
                    <colorMode>normal</colorMode>
                    <scale>0.8</scale>
                    <heading>0</heading>
                    <Icon id="13625">
                        <href>http://maps.google.com/mapfiles/kml/pushpin/red-pushpin.png</href>
                    </Icon>
                </IconStyle>
            </Style>
            <Style id="13628">
                <IconStyle id="13629">
                    <colorMode>normal</colorMode>
                    <scale>0.8</scale>
                    <heading>0</heading>
                    <Icon id="13630">
                        <href>http://maps.google.com/mapfiles/kml/pushpin/red-pushpin.png</href>
                    </Icon>
                </IconStyle>
            </Style>
            <Style id="13633">
                <IconStyle id="13634">
                    <colorMode>normal</colorMode>
                    <scale>0.8</scale>
                    <heading>0</heading>
                    <Icon id="13635">
                        <href>http://maps.google.com/mapfiles/kml/pushpin/red-pushpin.png</href>
                    </Icon>
                </IconStyle>
            </Style>
            <Style id="13638">
                <IconStyle id="13639">
                    <colorMode>normal</colorMode>
                    <scale>0.8</scale>
                    <heading>0</heading>
                    <Icon id="13640">
                        <href>http://maps.google.com/mapfiles/kml/pushpin/red-pushpin.png</href>
                    </Icon>
                </IconStyle>
            </Style>
            <Style id="13643">
                <IconStyle id="13644">
                    <colorMode>normal</colorMode>
                    <scale>0.8</scale>
                    <heading>0</heading>
                    <Icon id="13645">
                        <href>http://maps.google.com/mapfiles/kml/pushpin/red-pushpin.png</href>
                    </Icon>
                </IconStyle>
            </Style>
            <Style id="13648">
                <IconStyle id="13649">
                    <colorMode>normal</colorMode>
                    <scale>0.8</scale>
                    <heading>0</heading>
                    <Icon id="13650">
                        <href>http://maps.google.com/mapfiles/kml/pushpin/red-pushpin.png</href>
                    </Icon>
                </IconStyle>
            </Style>
            <Style id="13653">
                <IconStyle id="13654">
                    <colorMode>normal</colorMode>
                    <scale>0.8</scale>
                    <heading>0</heading>
                    <Icon id="13655">
                        <href>http://maps.google.com/mapfiles/kml/pushpin/red-pushpin.png</href>
                    </Icon>
                </IconStyle>
            </Style>
            <Style id="13658">
                <IconStyle id="13659">
                    <colorMode>normal</colorMode>
                    <scale>0.8</scale>
                    <heading>0</heading>
                    <Icon id="13660">
                        <href>http://maps.google.com/mapfiles/kml/pushpin/red-pushpin.png</href>
                    </Icon>
                </IconStyle>
            </Style>
            <Style id="13663">
                <IconStyle id="13664">
                    <colorMode>normal</colorMode>
                    <scale>0.8</scale>
                    <heading>0</heading>
                    <Icon id="13665">
                        <href>http://maps.google.com/mapfiles/kml/pushpin/red-pushpin.png</href>
                    </Icon>
                </IconStyle>
            </Style>
            <Style id="13668">
                <IconStyle id="13669">
                    <colorMode>normal</colorMode>
                    <scale>0.8</scale>
                    <heading>0</heading>
                    <Icon id="13670">
                        <href>http://maps.google.com/mapfiles/kml/pushpin/red-pushpin.png</href>
                    </Icon>
                </IconStyle>
            </Style>
            <Style id="13673">
                <IconStyle id="13674">
                    <colorMode>normal</colorMode>
                    <scale>0.8</scale>
                    <heading>0</heading>
                    <Icon id="13675">
                        <href>http://maps.google.com/mapfiles/kml/pushpin/red-pushpin.png</href>
                    </Icon>
                </IconStyle>
            </Style>
            <Style id="13678">
                <IconStyle id="13679">
                    <colorMode>normal</colorMode>
                    <scale>0.8</scale>
                    <heading>0</heading>
                    <Icon id="13680">
                        <href>http://maps.google.com/mapfiles/kml/pushpin/red-pushpin.png</href>
                    </Icon>
                </IconStyle>
            </Style>
            <Style id="13683">
                <IconStyle id="13684">
                    <colorMode>normal</colorMode>
                    <scale>0.8</scale>
                    <heading>0</heading>
                    <Icon id="13685">
                        <href>http://maps.google.com/mapfiles/kml/pushpin/red-pushpin.png</href>
                    </Icon>
                </IconStyle>
            </Style>
            <Style id="13688">
                <IconStyle id="13689">
                    <colorMode>normal</colorMode>
                    <scale>0.8</scale>
                    <heading>0</heading>
                    <Icon id="13690">
                        <href>http://maps.google.com/mapfiles/kml/pushpin/red-pushpin.png</href>
                    </Icon>
                </IconStyle>
            </Style>
            <Style id="13693">
                <IconStyle id="13694">
                    <colorMode>normal</colorMode>
                    <scale>0.8</scale>
                    <heading>0</heading>
                    <Icon id="13695">
                        <href>http://maps.google.com/mapfiles/kml/pushpin/red-pushpin.png</href>
                    </Icon>
                </IconStyle>
            </Style>
            <Style id="13698">
                <IconStyle id="13699">
                    <colorMode>normal</colorMode>
                    <scale>0.8</scale>
                    <heading>0</heading>
                    <Icon id="13700">
                        <href>http://maps.google.com/mapfiles/kml/pushpin/red-pushpin.png</href>
                    </Icon>
                </IconStyle>
            </Style>
            <Style id="13703">
                <IconStyle id="13704">
                    <colorMode>normal</colorMode>
                    <scale>0.8</scale>
                    <heading>0</heading>
                    <Icon id="13705">
                        <href>http://maps.google.com/mapfiles/kml/pushpin/red-pushpin.png</href>
                    </Icon>
                </IconStyle>
            </Style>
            <Style id="13708">
                <IconStyle id="13709">
                    <colorMode>normal</colorMode>
                    <scale>0.8</scale>
                    <heading>0</heading>
                    <Icon id="13710">
                        <href>http://maps.google.com/mapfiles/kml/pushpin/red-pushpin.png</href>
                    </Icon>
                </IconStyle>
            </Style>
            <Style id="13713">
                <IconStyle id="13714">
                    <colorMode>normal</colorMode>
                    <scale>0.8</scale>
                    <heading>0</heading>
                    <Icon id="13715">
                        <href>http://maps.google.com/mapfiles/kml/pushpin/red-pushpin.png</href>
                    </Icon>
                </IconStyle>
            </Style>
            <Style id="13718">
                <IconStyle id="13719">
                    <colorMode>normal</colorMode>
                    <scale>0.8</scale>
                    <heading>0</heading>
                    <Icon id="13720">
                        <href>http://maps.google.com/mapfiles/kml/pushpin/red-pushpin.png</href>
                    </Icon>
                </IconStyle>
            </Style>
            <Style id="13723">
                <IconStyle id="13724">
                    <colorMode>normal</colorMode>
                    <scale>0.8</scale>
                    <heading>0</heading>
                    <Icon id="13725">
                        <href>http://maps.google.com/mapfiles/kml/pushpin/red-pushpin.png</href>
                    </Icon>
                </IconStyle>
            </Style>
            <Style id="13728">
                <IconStyle id="13729">
                    <colorMode>normal</colorMode>
                    <scale>0.8</scale>
                    <heading>0</heading>
                    <Icon id="13730">
                        <href>http://maps.google.com/mapfiles/kml/pushpin/red-pushpin.png</href>
                    </Icon>
                </IconStyle>
            </Style>
            <Style id="13733">
                <IconStyle id="13734">
                    <colorMode>normal</colorMode>
                    <scale>0.8</scale>
                    <heading>0</heading>
                    <Icon id="13735">
                        <href>http://maps.google.com/mapfiles/kml/pushpin/red-pushpin.png</href>
                    </Icon>
                </IconStyle>
            </Style>
            <Style id="13738">
                <IconStyle id="13739">
                    <colorMode>normal</colorMode>
                    <scale>0.8</scale>
                    <heading>0</heading>
                    <Icon id="13740">
                        <href>http://maps.google.com/mapfiles/kml/pushpin/red-pushpin.png</href>
                    </Icon>
                </IconStyle>
            </Style>
            <Style id="13743">
                <IconStyle id="13744">
                    <colorMode>normal</colorMode>
                    <scale>0.8</scale>
                    <heading>0</heading>
                    <Icon id="13745">
                        <href>http://maps.google.com/mapfiles/kml/pushpin/red-pushpin.png</href>
                    </Icon>
                </IconStyle>
            </Style>
            <Style id="13748">
                <IconStyle id="13749">
                    <colorMode>normal</colorMode>
                    <scale>0.8</scale>
                    <heading>0</heading>
                    <Icon id="13750">
                        <href>http://maps.google.com/mapfiles/kml/pushpin/red-pushpin.png</href>
                    </Icon>
                </IconStyle>
            </Style>
            <Style id="13753">
                <IconStyle id="13754">
                    <colorMode>normal</colorMode>
                    <scale>0.8</scale>
                    <heading>0</heading>
                    <Icon id="13755">
                        <href>http://maps.google.com/mapfiles/kml/pushpin/red-pushpin.png</href>
                    </Icon>
                </IconStyle>
            </Style>
            <Style id="13758">
                <IconStyle id="13759">
                    <colorMode>normal</colorMode>
                    <scale>0.8</scale>
                    <heading>0</heading>
                    <Icon id="13760">
                        <href>http://maps.google.com/mapfiles/kml/pushpin/red-pushpin.png</href>
                    </Icon>
                </IconStyle>
            </Style>
            <Style id="13763">
                <IconStyle id="13764">
                    <colorMode>normal</colorMode>
                    <scale>0.8</scale>
                    <heading>0</heading>
                    <Icon id="13765">
                        <href>http://maps.google.com/mapfiles/kml/pushpin/red-pushpin.png</href>
                    </Icon>
                </IconStyle>
            </Style>
            <Style id="13768">
                <IconStyle id="13769">
                    <colorMode>normal</colorMode>
                    <scale>0.8</scale>
                    <heading>0</heading>
                    <Icon id="13770">
                        <href>http://maps.google.com/mapfiles/kml/pushpin/red-pushpin.png</href>
                    </Icon>
                </IconStyle>
            </Style>
            <Style id="13773">
                <IconStyle id="13774">
                    <colorMode>normal</colorMode>
                    <scale>0.8</scale>
                    <heading>0</heading>
                    <Icon id="13775">
                        <href>http://maps.google.com/mapfiles/kml/pushpin/red-pushpin.png</href>
                    </Icon>
                </IconStyle>
            </Style>
            <Style id="13778">
                <IconStyle id="13779">
                    <colorMode>normal</colorMode>
                    <scale>0.8</scale>
                    <heading>0</heading>
                    <Icon id="13780">
                        <href>http://maps.google.com/mapfiles/kml/pushpin/red-pushpin.png</href>
                    </Icon>
                </IconStyle>
            </Style>
            <Style id="13783">
                <IconStyle id="13784">
                    <colorMode>normal</colorMode>
                    <scale>0.8</scale>
                    <heading>0</heading>
                    <Icon id="13785">
                        <href>http://maps.google.com/mapfiles/kml/pushpin/red-pushpin.png</href>
                    </Icon>
                </IconStyle>
            </Style>
            <Style id="13788">
                <IconStyle id="13789">
                    <colorMode>normal</colorMode>
                    <scale>0.8</scale>
                    <heading>0</heading>
                    <Icon id="13790">
                        <href>http://maps.google.com/mapfiles/kml/pushpin/red-pushpin.png</href>
                    </Icon>
                </IconStyle>
            </Style>
            <Style id="13793">
                <IconStyle id="13794">
                    <colorMode>normal</colorMode>
                    <scale>0.8</scale>
                    <heading>0</heading>
                    <Icon id="13795">
                        <href>http://maps.google.com/mapfiles/kml/pushpin/red-pushpin.png</href>
                    </Icon>
                </IconStyle>
            </Style>
            <Style id="13798">
                <IconStyle id="13799">
                    <colorMode>normal</colorMode>
                    <scale>0.8</scale>
                    <heading>0</heading>
                    <Icon id="13800">
                        <href>http://maps.google.com/mapfiles/kml/pushpin/red-pushpin.png</href>
                    </Icon>
                </IconStyle>
            </Style>
            <Style id="13803">
                <IconStyle id="13804">
                    <colorMode>normal</colorMode>
                    <scale>0.8</scale>
                    <heading>0</heading>
                    <Icon id="13805">
                        <href>http://maps.google.com/mapfiles/kml/pushpin/red-pushpin.png</href>
                    </Icon>
                </IconStyle>
            </Style>
            <Style id="13808">
                <IconStyle id="13809">
                    <colorMode>normal</colorMode>
                    <scale>0.8</scale>
                    <heading>0</heading>
                    <Icon id="13810">
                        <href>http://maps.google.com/mapfiles/kml/pushpin/red-pushpin.png</href>
                    </Icon>
                </IconStyle>
            </Style>
            <Style id="13813">
                <IconStyle id="13814">
                    <colorMode>normal</colorMode>
                    <scale>0.8</scale>
                    <heading>0</heading>
                    <Icon id="13815">
                        <href>http://maps.google.com/mapfiles/kml/pushpin/red-pushpin.png</href>
                    </Icon>
                </IconStyle>
            </Style>
            <Style id="13818">
                <IconStyle id="13819">
                    <colorMode>normal</colorMode>
                    <scale>0.8</scale>
                    <heading>0</heading>
                    <Icon id="13820">
                        <href>http://maps.google.com/mapfiles/kml/pushpin/red-pushpin.png</href>
                    </Icon>
                </IconStyle>
            </Style>
            <Style id="13823">
                <IconStyle id="13824">
                    <colorMode>normal</colorMode>
                    <scale>0.8</scale>
                    <heading>0</heading>
                    <Icon id="13825">
                        <href>http://maps.google.com/mapfiles/kml/pushpin/red-pushpin.png</href>
                    </Icon>
                </IconStyle>
            </Style>
            <Style id="13828">
                <IconStyle id="13829">
                    <colorMode>normal</colorMode>
                    <scale>0.8</scale>
                    <heading>0</heading>
                    <Icon id="13830">
                        <href>http://maps.google.com/mapfiles/kml/pushpin/red-pushpin.png</href>
                    </Icon>
                </IconStyle>
            </Style>
            <Style id="13833">
                <IconStyle id="13834">
                    <colorMode>normal</colorMode>
                    <scale>0.8</scale>
                    <heading>0</heading>
                    <Icon id="13835">
                        <href>http://maps.google.com/mapfiles/kml/pushpin/red-pushpin.png</href>
                    </Icon>
                </IconStyle>
            </Style>
            <Style id="13838">
                <IconStyle id="13839">
                    <colorMode>normal</colorMode>
                    <scale>0.8</scale>
                    <heading>0</heading>
                    <Icon id="13840">
                        <href>http://maps.google.com/mapfiles/kml/pushpin/red-pushpin.png</href>
                    </Icon>
                </IconStyle>
            </Style>
            <Style id="13843">
                <IconStyle id="13844">
                    <colorMode>normal</colorMode>
                    <scale>0.8</scale>
                    <heading>0</heading>
                    <Icon id="13845">
                        <href>http://maps.google.com/mapfiles/kml/pushpin/red-pushpin.png</href>
                    </Icon>
                </IconStyle>
            </Style>
            <Style id="13848">
                <IconStyle id="13849">
                    <colorMode>normal</colorMode>
                    <scale>0.8</scale>
                    <heading>0</heading>
                    <Icon id="13850">
                        <href>http://maps.google.com/mapfiles/kml/pushpin/red-pushpin.png</href>
                    </Icon>
                </IconStyle>
            </Style>
            <Style id="13853">
                <IconStyle id="13854">
                    <colorMode>normal</colorMode>
                    <scale>0.8</scale>
                    <heading>0</heading>
                    <Icon id="13855">
                        <href>http://maps.google.com/mapfiles/kml/pushpin/red-pushpin.png</href>
                    </Icon>
                </IconStyle>
            </Style>
            <Style id="13858">
                <IconStyle id="13859">
                    <colorMode>normal</colorMode>
                    <scale>0.8</scale>
                    <heading>0</heading>
                    <Icon id="13860">
                        <href>http://maps.google.com/mapfiles/kml/pushpin/red-pushpin.png</href>
                    </Icon>
                </IconStyle>
            </Style>
            <Style id="13863">
                <IconStyle id="13864">
                    <colorMode>normal</colorMode>
                    <scale>0.8</scale>
                    <heading>0</heading>
                    <Icon id="13865">
                        <href>http://maps.google.com/mapfiles/kml/pushpin/red-pushpin.png</href>
                    </Icon>
                </IconStyle>
            </Style>
            <Style id="13868">
                <IconStyle id="13869">
                    <colorMode>normal</colorMode>
                    <scale>0.8</scale>
                    <heading>0</heading>
                    <Icon id="13870">
                        <href>http://maps.google.com/mapfiles/kml/pushpin/red-pushpin.png</href>
                    </Icon>
                </IconStyle>
            </Style>
            <Style id="13873">
                <IconStyle id="13874">
                    <colorMode>normal</colorMode>
                    <scale>0.8</scale>
                    <heading>0</heading>
                    <Icon id="13875">
                        <href>http://maps.google.com/mapfiles/kml/pushpin/red-pushpin.png</href>
                    </Icon>
                </IconStyle>
            </Style>
            <Style id="13878">
                <IconStyle id="13879">
                    <colorMode>normal</colorMode>
                    <scale>0.8</scale>
                    <heading>0</heading>
                    <Icon id="13880">
                        <href>http://maps.google.com/mapfiles/kml/pushpin/red-pushpin.png</href>
                    </Icon>
                </IconStyle>
            </Style>
            <Style id="13883">
                <IconStyle id="13884">
                    <colorMode>normal</colorMode>
                    <scale>0.8</scale>
                    <heading>0</heading>
                    <Icon id="13885">
                        <href>http://maps.google.com/mapfiles/kml/pushpin/red-pushpin.png</href>
                    </Icon>
                </IconStyle>
            </Style>
            <Style id="13888">
                <IconStyle id="13889">
                    <colorMode>normal</colorMode>
                    <scale>0.8</scale>
                    <heading>0</heading>
                    <Icon id="13890">
                        <href>http://maps.google.com/mapfiles/kml/pushpin/red-pushpin.png</href>
                    </Icon>
                </IconStyle>
            </Style>
            <Style id="13893">
                <IconStyle id="13894">
                    <colorMode>normal</colorMode>
                    <scale>0.8</scale>
                    <heading>0</heading>
                    <Icon id="13895">
                        <href>http://maps.google.com/mapfiles/kml/pushpin/red-pushpin.png</href>
                    </Icon>
                </IconStyle>
            </Style>
            <Style id="13898">
                <IconStyle id="13899">
                    <colorMode>normal</colorMode>
                    <scale>0.8</scale>
                    <heading>0</heading>
                    <Icon id="13900">
                        <href>http://maps.google.com/mapfiles/kml/pushpin/red-pushpin.png</href>
                    </Icon>
                </IconStyle>
            </Style>
            <Style id="13903">
                <IconStyle id="13904">
                    <colorMode>normal</colorMode>
                    <scale>0.8</scale>
                    <heading>0</heading>
                    <Icon id="13905">
                        <href>http://maps.google.com/mapfiles/kml/pushpin/red-pushpin.png</href>
                    </Icon>
                </IconStyle>
            </Style>
            <Style id="13908">
                <IconStyle id="13909">
                    <colorMode>normal</colorMode>
                    <scale>0.8</scale>
                    <heading>0</heading>
                    <Icon id="13910">
                        <href>http://maps.google.com/mapfiles/kml/pushpin/red-pushpin.png</href>
                    </Icon>
                </IconStyle>
            </Style>
            <Style id="13913">
                <IconStyle id="13914">
                    <colorMode>normal</colorMode>
                    <scale>0.8</scale>
                    <heading>0</heading>
                    <Icon id="13915">
                        <href>http://maps.google.com/mapfiles/kml/pushpin/red-pushpin.png</href>
                    </Icon>
                </IconStyle>
            </Style>
            <Style id="13918">
                <IconStyle id="13919">
                    <colorMode>normal</colorMode>
                    <scale>0.8</scale>
                    <heading>0</heading>
                    <Icon id="13920">
                        <href>http://maps.google.com/mapfiles/kml/pushpin/red-pushpin.png</href>
                    </Icon>
                </IconStyle>
            </Style>
            <Style id="13923">
                <IconStyle id="13924">
                    <colorMode>normal</colorMode>
                    <scale>0.8</scale>
                    <heading>0</heading>
                    <Icon id="13925">
                        <href>http://maps.google.com/mapfiles/kml/pushpin/red-pushpin.png</href>
                    </Icon>
                </IconStyle>
            </Style>
            <Style id="13928">
                <IconStyle id="13929">
                    <colorMode>normal</colorMode>
                    <scale>0.8</scale>
                    <heading>0</heading>
                    <Icon id="13930">
                        <href>http://maps.google.com/mapfiles/kml/pushpin/red-pushpin.png</href>
                    </Icon>
                </IconStyle>
            </Style>
            <Style id="13933">
                <IconStyle id="13934">
                    <colorMode>normal</colorMode>
                    <scale>0.8</scale>
                    <heading>0</heading>
                    <Icon id="13935">
                        <href>http://maps.google.com/mapfiles/kml/pushpin/red-pushpin.png</href>
                    </Icon>
                </IconStyle>
            </Style>
            <Style id="13938">
                <IconStyle id="13939">
                    <colorMode>normal</colorMode>
                    <scale>0.8</scale>
                    <heading>0</heading>
                    <Icon id="13940">
                        <href>http://maps.google.com/mapfiles/kml/pushpin/red-pushpin.png</href>
                    </Icon>
                </IconStyle>
            </Style>
            <Style id="13943">
                <IconStyle id="13944">
                    <colorMode>normal</colorMode>
                    <scale>0.8</scale>
                    <heading>0</heading>
                    <Icon id="13945">
                        <href>http://maps.google.com/mapfiles/kml/pushpin/red-pushpin.png</href>
                    </Icon>
                </IconStyle>
            </Style>
            <Style id="13948">
                <IconStyle id="13949">
                    <colorMode>normal</colorMode>
                    <scale>0.8</scale>
                    <heading>0</heading>
                    <Icon id="13950">
                        <href>http://maps.google.com/mapfiles/kml/pushpin/red-pushpin.png</href>
                    </Icon>
                </IconStyle>
            </Style>
            <Style id="13953">
                <IconStyle id="13954">
                    <colorMode>normal</colorMode>
                    <scale>0.8</scale>
                    <heading>0</heading>
                    <Icon id="13955">
                        <href>http://maps.google.com/mapfiles/kml/pushpin/red-pushpin.png</href>
                    </Icon>
                </IconStyle>
            </Style>
            <Style id="13958">
                <IconStyle id="13959">
                    <colorMode>normal</colorMode>
                    <scale>0.8</scale>
                    <heading>0</heading>
                    <Icon id="13960">
                        <href>http://maps.google.com/mapfiles/kml/pushpin/red-pushpin.png</href>
                    </Icon>
                </IconStyle>
            </Style>
            <Style id="13963">
                <IconStyle id="13964">
                    <colorMode>normal</colorMode>
                    <scale>0.8</scale>
                    <heading>0</heading>
                    <Icon id="13965">
                        <href>http://maps.google.com/mapfiles/kml/pushpin/red-pushpin.png</href>
                    </Icon>
                </IconStyle>
            </Style>
            <Style id="13968">
                <IconStyle id="13969">
                    <colorMode>normal</colorMode>
                    <scale>0.8</scale>
                    <heading>0</heading>
                    <Icon id="13970">
                        <href>http://maps.google.com/mapfiles/kml/pushpin/red-pushpin.png</href>
                    </Icon>
                </IconStyle>
            </Style>
            <Style id="13973">
                <IconStyle id="13974">
                    <colorMode>normal</colorMode>
                    <scale>0.8</scale>
                    <heading>0</heading>
                    <Icon id="13975">
                        <href>http://maps.google.com/mapfiles/kml/pushpin/red-pushpin.png</href>
                    </Icon>
                </IconStyle>
            </Style>
            <Style id="13978">
                <IconStyle id="13979">
                    <colorMode>normal</colorMode>
                    <scale>0.8</scale>
                    <heading>0</heading>
                    <Icon id="13980">
                        <href>http://maps.google.com/mapfiles/kml/pushpin/red-pushpin.png</href>
                    </Icon>
                </IconStyle>
            </Style>
            <Style id="13983">
                <IconStyle id="13984">
                    <colorMode>normal</colorMode>
                    <scale>0.8</scale>
                    <heading>0</heading>
                    <Icon id="13985">
                        <href>http://maps.google.com/mapfiles/kml/pushpin/red-pushpin.png</href>
                    </Icon>
                </IconStyle>
            </Style>
            <Style id="13988">
                <IconStyle id="13989">
                    <colorMode>normal</colorMode>
                    <scale>0.8</scale>
                    <heading>0</heading>
                    <Icon id="13990">
                        <href>http://maps.google.com/mapfiles/kml/pushpin/red-pushpin.png</href>
                    </Icon>
                </IconStyle>
            </Style>
            <Style id="13993">
                <IconStyle id="13994">
                    <colorMode>normal</colorMode>
                    <scale>0.8</scale>
                    <heading>0</heading>
                    <Icon id="13995">
                        <href>http://maps.google.com/mapfiles/kml/pushpin/red-pushpin.png</href>
                    </Icon>
                </IconStyle>
            </Style>
            <Style id="13998">
                <IconStyle id="13999">
                    <colorMode>normal</colorMode>
                    <scale>0.8</scale>
                    <heading>0</heading>
                    <Icon id="14000">
                        <href>http://maps.google.com/mapfiles/kml/pushpin/red-pushpin.png</href>
                    </Icon>
                </IconStyle>
            </Style>
            <Style id="14003">
                <IconStyle id="14004">
                    <colorMode>normal</colorMode>
                    <scale>0.8</scale>
                    <heading>0</heading>
                    <Icon id="14005">
                        <href>http://maps.google.com/mapfiles/kml/pushpin/red-pushpin.png</href>
                    </Icon>
                </IconStyle>
            </Style>
            <Style id="14008">
                <IconStyle id="14009">
                    <colorMode>normal</colorMode>
                    <scale>0.8</scale>
                    <heading>0</heading>
                    <Icon id="14010">
                        <href>http://maps.google.com/mapfiles/kml/pushpin/red-pushpin.png</href>
                    </Icon>
                </IconStyle>
            </Style>
            <Style id="14013">
                <IconStyle id="14014">
                    <colorMode>normal</colorMode>
                    <scale>0.8</scale>
                    <heading>0</heading>
                    <Icon id="14015">
                        <href>http://maps.google.com/mapfiles/kml/pushpin/red-pushpin.png</href>
                    </Icon>
                </IconStyle>
            </Style>
            <Style id="14018">
                <IconStyle id="14019">
                    <colorMode>normal</colorMode>
                    <scale>0.8</scale>
                    <heading>0</heading>
                    <Icon id="14020">
                        <href>http://maps.google.com/mapfiles/kml/pushpin/red-pushpin.png</href>
                    </Icon>
                </IconStyle>
            </Style>
            <Style id="14023">
                <IconStyle id="14024">
                    <colorMode>normal</colorMode>
                    <scale>0.8</scale>
                    <heading>0</heading>
                    <Icon id="14025">
                        <href>http://maps.google.com/mapfiles/kml/pushpin/red-pushpin.png</href>
                    </Icon>
                </IconStyle>
            </Style>
            <Style id="14028">
                <IconStyle id="14029">
                    <colorMode>normal</colorMode>
                    <scale>0.8</scale>
                    <heading>0</heading>
                    <Icon id="14030">
                        <href>http://maps.google.com/mapfiles/kml/pushpin/red-pushpin.png</href>
                    </Icon>
                </IconStyle>
            </Style>
            <Style id="14033">
                <IconStyle id="14034">
                    <colorMode>normal</colorMode>
                    <scale>0.8</scale>
                    <heading>0</heading>
                    <Icon id="14035">
                        <href>http://maps.google.com/mapfiles/kml/pushpin/red-pushpin.png</href>
                    </Icon>
                </IconStyle>
            </Style>
            <name>Trajectory Points</name>
            <Placemark id="12637">
                <name/>
                <description/>
                <styleUrl>#12638</styleUrl>
                <Point id="12636">
                    <coordinates>34.813632632686215,32.16876079360211,51.06113574281335</coordinates>
                    <extrude>0</extrude>
                    <altitudeMode>clampToGround</altitudeMode>
                </Point>
            </Placemark>
            <Placemark id="12642">
                <name/>
                <description/>
                <styleUrl>#12643</styleUrl>
                <Point id="12641">
                    <coordinates>34.81365982660885,32.16875565540796,54.8846391774714</coordinates>
                    <extrude>0</extrude>
                    <altitudeMode>clampToGround</altitudeMode>
                </Point>
            </Placemark>
            <Placemark id="12647">
                <name/>
                <description/>
                <styleUrl>#12648</styleUrl>
                <Point id="12646">
                    <coordinates>34.81355764739545,32.16884996994801,67.20687706861645</coordinates>
                    <extrude>0</extrude>
                    <altitudeMode>clampToGround</altitudeMode>
                </Point>
            </Placemark>
            <Placemark id="12652">
                <name/>
                <description/>
                <styleUrl>#12653</styleUrl>
                <Point id="12651">
                    <coordinates>34.81360596392562,32.16880787127878,70.49814568925649</coordinates>
                    <extrude>0</extrude>
                    <altitudeMode>clampToGround</altitudeMode>
                </Point>
            </Placemark>
            <Placemark id="12657">
                <name/>
                <description/>
                <styleUrl>#12658</styleUrl>
                <Point id="12656">
                    <coordinates>34.81360554793911,32.16877548038378,51.02160873543471</coordinates>
                    <extrude>0</extrude>
                    <altitudeMode>clampToGround</altitudeMode>
                </Point>
            </Placemark>
            <Placemark id="12662">
                <name/>
                <description/>
                <styleUrl>#12663</styleUrl>
                <Point id="12661">
                    <coordinates>34.81353873630586,32.168795937485754,59.19102282170206</coordinates>
                    <extrude>0</extrude>
                    <altitudeMode>clampToGround</altitudeMode>
                </Point>
            </Placemark>
            <Placemark id="12667">
                <name/>
                <description/>
                <styleUrl>#12668</styleUrl>
                <Point id="12666">
                    <coordinates>34.81352531166272,32.16876568569399,74.46373388264328</coordinates>
                    <extrude>0</extrude>
                    <altitudeMode>clampToGround</altitudeMode>
                </Point>
            </Placemark>
            <Placemark id="12672">
                <name/>
                <description/>
                <styleUrl>#12673</styleUrl>
                <Point id="12671">
                    <coordinates>34.81356112640974,32.16875281455433,49.30487710610032</coordinates>
                    <extrude>0</extrude>
                    <altitudeMode>clampToGround</altitudeMode>
                </Point>
            </Placemark>
            <Placemark id="12677">
                <name/>
                <description/>
                <styleUrl>#12678</styleUrl>
                <Point id="12676">
                    <coordinates>34.81357252597823,32.16880920511495,73.6275975825265</coordinates>
                    <extrude>0</extrude>
                    <altitudeMode>clampToGround</altitudeMode>
                </Point>
            </Placemark>
            <Placemark id="12682">
                <name/>
                <description/>
                <styleUrl>#12683</styleUrl>
                <Point id="12681">
                    <coordinates>34.81353527583174,32.16875076138161,74.03987982776016</coordinates>
                    <extrude>0</extrude>
                    <altitudeMode>clampToGround</altitudeMode>
                </Point>
            </Placemark>
            <Placemark id="12687">
                <name/>
                <description/>
                <styleUrl>#12688</styleUrl>
                <Point id="12686">
                    <coordinates>34.81357335541049,32.16880996962754,56.5779336374253</coordinates>
                    <extrude>0</extrude>
                    <altitudeMode>clampToGround</altitudeMode>
                </Point>
            </Placemark>
            <Placemark id="12692">
                <name/>
                <description/>
                <styleUrl>#12693</styleUrl>
                <Point id="12691">
                    <coordinates>34.81357105540242,32.168816880995514,42.132469130679965</coordinates>
                    <extrude>0</extrude>
                    <altitudeMode>clampToGround</altitudeMode>
                </Point>
            </Placemark>
            <Placemark id="12697">
                <name/>
                <description/>
                <styleUrl>#12698</styleUrl>
                <Point id="12696">
                    <coordinates>34.813549005035455,32.16879145064525,50.608365377411246</coordinates>
                    <extrude>0</extrude>
                    <altitudeMode>clampToGround</altitudeMode>
                </Point>
            </Placemark>
            <Placemark id="12702">
                <name/>
                <description/>
                <styleUrl>#12703</styleUrl>
                <Point id="12701">
                    <coordinates>34.813508043687726,32.16878665849992,39.67738774511963</coordinates>
                    <extrude>0</extrude>
                    <altitudeMode>clampToGround</altitudeMode>
                </Point>
            </Placemark>
            <Placemark id="12707">
                <name/>
                <description/>
                <styleUrl>#12708</styleUrl>
                <Point id="12706">
                    <coordinates>34.81347147151935,32.16878812835391,65.22007921990007</coordinates>
                    <extrude>0</extrude>
                    <altitudeMode>clampToGround</altitudeMode>
                </Point>
            </Placemark>
            <Placemark id="12712">
                <name/>
                <description/>
                <styleUrl>#12713</styleUrl>
                <Point id="12711">
                    <coordinates>34.81341968017064,32.168766603547375,62.52898773830384</coordinates>
                    <extrude>0</extrude>
                    <altitudeMode>clampToGround</altitudeMode>
                </Point>
            </Placemark>
            <Placemark id="12717">
                <name/>
                <description/>
                <styleUrl>#12718</styleUrl>
                <Point id="12716">
                    <coordinates>34.813315396955545,32.16879876553353,40.41900452878326</coordinates>
                    <extrude>0</extrude>
                    <altitudeMode>clampToGround</altitudeMode>
                </Point>
            </Placemark>
            <Placemark id="12722">
                <name/>
                <description/>
                <styleUrl>#12723</styleUrl>
                <Point id="12721">
                    <coordinates>34.81331962323574,32.16883845775653,40.07835149951279</coordinates>
                    <extrude>0</extrude>
                    <altitudeMode>clampToGround</altitudeMode>
                </Point>
            </Placemark>
            <Placemark id="12727">
                <name/>
                <description/>
                <styleUrl>#12728</styleUrl>
                <Point id="12726">
                    <coordinates>34.81324222913694,32.168783820839174,41.80353369191289</coordinates>
                    <extrude>0</extrude>
                    <altitudeMode>clampToGround</altitudeMode>
                </Point>
            </Placemark>
            <Placemark id="12732">
                <name/>
                <description/>
                <styleUrl>#12733</styleUrl>
                <Point id="12731">
                    <coordinates>34.813152301891556,32.16884912243166,38.214777287095785</coordinates>
                    <extrude>0</extrude>
                    <altitudeMode>clampToGround</altitudeMode>
                </Point>
            </Placemark>
            <Placemark id="12737">
                <name/>
                <description/>
                <styleUrl>#12738</styleUrl>
                <Point id="12736">
                    <coordinates>34.81310241198182,32.168802823489486,38.04565247707069</coordinates>
                    <extrude>0</extrude>
                    <altitudeMode>clampToGround</altitudeMode>
                </Point>
            </Placemark>
            <Placemark id="12742">
                <name/>
                <description/>
                <styleUrl>#12743</styleUrl>
                <Point id="12741">
                    <coordinates>34.813006798323414,32.16878114908558,40.108059090562165</coordinates>
                    <extrude>0</extrude>
                    <altitudeMode>clampToGround</altitudeMode>
                </Point>
            </Placemark>
            <Placemark id="12747">
                <name/>
                <description/>
                <styleUrl>#12748</styleUrl>
                <Point id="12746">
                    <coordinates>34.81292798486194,32.16885880071492,42.147153086960316</coordinates>
                    <extrude>0</extrude>
                    <altitudeMode>clampToGround</altitudeMode>
                </Point>
            </Placemark>
            <Placemark id="12752">
                <name/>
                <description/>
                <styleUrl>#12753</styleUrl>
                <Point id="12751">
                    <coordinates>34.81285115732185,32.168799059035614,41.218652402982116</coordinates>
                    <extrude>0</extrude>
                    <altitudeMode>clampToGround</altitudeMode>
                </Point>
            </Placemark>
            <Placemark id="12757">
                <name/>
                <description/>
                <styleUrl>#12758</styleUrl>
                <Point id="12756">
                    <coordinates>34.812769637736615,32.168879419683826,56.606990000233054</coordinates>
                    <extrude>0</extrude>
                    <altitudeMode>clampToGround</altitudeMode>
                </Point>
            </Placemark>
            <Placemark id="12762">
                <name/>
                <description/>
                <styleUrl>#12763</styleUrl>
                <Point id="12761">
                    <coordinates>34.812696846756886,32.16889740823989,62.4450339814648</coordinates>
                    <extrude>0</extrude>
                    <altitudeMode>clampToGround</altitudeMode>
                </Point>
            </Placemark>
            <Placemark id="12767">
                <name/>
                <description/>
                <styleUrl>#12768</styleUrl>
                <Point id="12766">
                    <coordinates>34.812566834659016,32.168763825067025,51.38207783550024</coordinates>
                    <extrude>0</extrude>
                    <altitudeMode>clampToGround</altitudeMode>
                </Point>
            </Placemark>
            <Placemark id="12772">
                <name/>
                <description/>
                <styleUrl>#12773</styleUrl>
                <Point id="12771">
                    <coordinates>34.81261414944595,32.16883925958652,27.36549077089876</coordinates>
                    <extrude>0</extrude>
                    <altitudeMode>clampToGround</altitudeMode>
                </Point>
            </Placemark>
            <Placemark id="12777">
                <name/>
                <description/>
                <styleUrl>#12778</styleUrl>
                <Point id="12776">
                    <coordinates>34.812422417284864,32.168847129056445,70.52483562007546</coordinates>
                    <extrude>0</extrude>
                    <altitudeMode>clampToGround</altitudeMode>
                </Point>
            </Placemark>
            <Placemark id="12782">
                <name/>
                <description/>
                <styleUrl>#12783</styleUrl>
                <Point id="12781">
                    <coordinates>34.81238972790126,32.16877704584935,46.47798727359623</coordinates>
                    <extrude>0</extrude>
                    <altitudeMode>clampToGround</altitudeMode>
                </Point>
            </Placemark>
            <Placemark id="12787">
                <name/>
                <description/>
                <styleUrl>#12788</styleUrl>
                <Point id="12786">
                    <coordinates>34.812304175479525,32.16878859888054,44.52406030893326</coordinates>
                    <extrude>0</extrude>
                    <altitudeMode>clampToGround</altitudeMode>
                </Point>
            </Placemark>
            <Placemark id="12792">
                <name/>
                <description/>
                <styleUrl>#12793</styleUrl>
                <Point id="12791">
                    <coordinates>34.812188169628456,32.16889110397569,58.288991211913526</coordinates>
                    <extrude>0</extrude>
                    <altitudeMode>clampToGround</altitudeMode>
                </Point>
            </Placemark>
            <Placemark id="12797">
                <name/>
                <description/>
                <styleUrl>#12798</styleUrl>
                <Point id="12796">
                    <coordinates>34.812242192338246,32.16886372388723,56.17804610263556</coordinates>
                    <extrude>0</extrude>
                    <altitudeMode>clampToGround</altitudeMode>
                </Point>
            </Placemark>
            <Placemark id="12802">
                <name/>
                <description/>
                <styleUrl>#12803</styleUrl>
                <Point id="12801">
                    <coordinates>34.812189066895684,32.16893970403438,62.88396315090358</coordinates>
                    <extrude>0</extrude>
                    <altitudeMode>clampToGround</altitudeMode>
                </Point>
            </Placemark>
            <Placemark id="12807">
                <name/>
                <description/>
                <styleUrl>#12808</styleUrl>
                <Point id="12806">
                    <coordinates>34.81220979452068,32.168901501697576,52.99434860330075</coordinates>
                    <extrude>0</extrude>
                    <altitudeMode>clampToGround</altitudeMode>
                </Point>
            </Placemark>
            <Placemark id="12812">
                <name/>
                <description/>
                <styleUrl>#12813</styleUrl>
                <Point id="12811">
                    <coordinates>34.8121943010834,32.16890044140084,56.83583802729845</coordinates>
                    <extrude>0</extrude>
                    <altitudeMode>clampToGround</altitudeMode>
                </Point>
            </Placemark>
            <Placemark id="12817">
                <name/>
                <description/>
                <styleUrl>#12818</styleUrl>
                <Point id="12816">
                    <coordinates>34.81215741478428,32.16891567037188,71.89353214018047</coordinates>
                    <extrude>0</extrude>
                    <altitudeMode>clampToGround</altitudeMode>
                </Point>
            </Placemark>
            <Placemark id="12822">
                <name/>
                <description/>
                <styleUrl>#12823</styleUrl>
                <Point id="12821">
                    <coordinates>34.812217775044296,32.16900300139859,61.78659084625542</coordinates>
                    <extrude>0</extrude>
                    <altitudeMode>clampToGround</altitudeMode>
                </Point>
            </Placemark>
            <Placemark id="12827">
                <name/>
                <description/>
                <styleUrl>#12828</styleUrl>
                <Point id="12826">
                    <coordinates>34.81217039893732,32.1689983031445,74.89947996102273</coordinates>
                    <extrude>0</extrude>
                    <altitudeMode>clampToGround</altitudeMode>
                </Point>
            </Placemark>
            <Placemark id="12832">
                <name/>
                <description/>
                <styleUrl>#12833</styleUrl>
                <Point id="12831">
                    <coordinates>34.81227605896426,32.169027964674356,40.118261330761015</coordinates>
                    <extrude>0</extrude>
                    <altitudeMode>clampToGround</altitudeMode>
                </Point>
            </Placemark>
            <Placemark id="12837">
                <name/>
                <description/>
                <styleUrl>#12838</styleUrl>
                <Point id="12836">
                    <coordinates>34.81222444764446,32.169036578363716,38.38712707720697</coordinates>
                    <extrude>0</extrude>
                    <altitudeMode>clampToGround</altitudeMode>
                </Point>
            </Placemark>
            <Placemark id="12842">
                <name/>
                <description/>
                <styleUrl>#12843</styleUrl>
                <Point id="12841">
                    <coordinates>34.81224157752444,32.16909461122637,53.440849841572344</coordinates>
                    <extrude>0</extrude>
                    <altitudeMode>clampToGround</altitudeMode>
                </Point>
            </Placemark>
            <Placemark id="12847">
                <name/>
                <description/>
                <styleUrl>#12848</styleUrl>
                <Point id="12846">
                    <coordinates>34.81230894949166,32.1691535804177,54.902090495452285</coordinates>
                    <extrude>0</extrude>
                    <altitudeMode>clampToGround</altitudeMode>
                </Point>
            </Placemark>
            <Placemark id="12852">
                <name/>
                <description/>
                <styleUrl>#12853</styleUrl>
                <Point id="12851">
                    <coordinates>34.81232615586306,32.1692084865768,44.38957353681326</coordinates>
                    <extrude>0</extrude>
                    <altitudeMode>clampToGround</altitudeMode>
                </Point>
            </Placemark>
            <Placemark id="12857">
                <name/>
                <description/>
                <styleUrl>#12858</styleUrl>
                <Point id="12856">
                    <coordinates>34.81234551512634,32.16928026363208,60.18651152495295</coordinates>
                    <extrude>0</extrude>
                    <altitudeMode>clampToGround</altitudeMode>
                </Point>
            </Placemark>
            <Placemark id="12862">
                <name/>
                <description/>
                <styleUrl>#12863</styleUrl>
                <Point id="12861">
                    <coordinates>34.81242111974602,32.16932593799092,47.803765304386616</coordinates>
                    <extrude>0</extrude>
                    <altitudeMode>clampToGround</altitudeMode>
                </Point>
            </Placemark>
            <Placemark id="12867">
                <name/>
                <description/>
                <styleUrl>#12868</styleUrl>
                <Point id="12866">
                    <coordinates>34.81243739701342,32.16939137336426,48.518338116817176</coordinates>
                    <extrude>0</extrude>
                    <altitudeMode>clampToGround</altitudeMode>
                </Point>
            </Placemark>
            <Placemark id="12872">
                <name/>
                <description/>
                <styleUrl>#12873</styleUrl>
                <Point id="12871">
                    <coordinates>34.81239927320012,32.16951730520323,81.17284506279975</coordinates>
                    <extrude>0</extrude>
                    <altitudeMode>clampToGround</altitudeMode>
                </Point>
            </Placemark>
            <Placemark id="12877">
                <name/>
                <description/>
                <styleUrl>#12878</styleUrl>
                <Point id="12876">
                    <coordinates>34.81253112905479,32.16954901547662,72.6474569030106</coordinates>
                    <extrude>0</extrude>
                    <altitudeMode>clampToGround</altitudeMode>
                </Point>
            </Placemark>
            <Placemark id="12882">
                <name/>
                <description/>
                <styleUrl>#12883</styleUrl>
                <Point id="12881">
                    <coordinates>34.81253573851501,32.169634023751875,48.21688704472035</coordinates>
                    <extrude>0</extrude>
                    <altitudeMode>clampToGround</altitudeMode>
                </Point>
            </Placemark>
            <Placemark id="12887">
                <name/>
                <description/>
                <styleUrl>#12888</styleUrl>
                <Point id="12886">
                    <coordinates>34.81256077376775,32.16967378087851,39.972179549746215</coordinates>
                    <extrude>0</extrude>
                    <altitudeMode>clampToGround</altitudeMode>
                </Point>
            </Placemark>
            <Placemark id="12892">
                <name/>
                <description/>
                <styleUrl>#12893</styleUrl>
                <Point id="12891">
                    <coordinates>34.81263215123496,32.16980425766968,46.81374544184655</coordinates>
                    <extrude>0</extrude>
                    <altitudeMode>clampToGround</altitudeMode>
                </Point>
            </Placemark>
            <Placemark id="12897">
                <name/>
                <description/>
                <styleUrl>#12898</styleUrl>
                <Point id="12896">
                    <coordinates>34.81268543958534,32.16981898684648,52.51085630059242</coordinates>
                    <extrude>0</extrude>
                    <altitudeMode>clampToGround</altitudeMode>
                </Point>
            </Placemark>
            <Placemark id="12902">
                <name/>
                <description/>
                <styleUrl>#12903</styleUrl>
                <Point id="12901">
                    <coordinates>34.812672886243014,32.169991851807026,57.186162039637566</coordinates>
                    <extrude>0</extrude>
                    <altitudeMode>clampToGround</altitudeMode>
                </Point>
            </Placemark>
            <Placemark id="12907">
                <name/>
                <description/>
                <styleUrl>#12908</styleUrl>
                <Point id="12906">
                    <coordinates>34.81277269949664,32.170013997968,55.946321236900985</coordinates>
                    <extrude>0</extrude>
                    <altitudeMode>clampToGround</altitudeMode>
                </Point>
            </Placemark>
            <Placemark id="12912">
                <name/>
                <description/>
                <styleUrl>#12913</styleUrl>
                <Point id="12911">
                    <coordinates>34.81278692150048,32.17011345326713,57.709329596720636</coordinates>
                    <extrude>0</extrude>
                    <altitudeMode>clampToGround</altitudeMode>
                </Point>
            </Placemark>
            <Placemark id="12917">
                <name/>
                <description/>
                <styleUrl>#12918</styleUrl>
                <Point id="12916">
                    <coordinates>34.81273041179674,32.17017375048573,50.15617255307734</coordinates>
                    <extrude>0</extrude>
                    <altitudeMode>clampToGround</altitudeMode>
                </Point>
            </Placemark>
            <Placemark id="12922">
                <name/>
                <description/>
                <styleUrl>#12923</styleUrl>
                <Point id="12921">
                    <coordinates>34.81281265374342,32.170214330427285,43.49128627497703</coordinates>
                    <extrude>0</extrude>
                    <altitudeMode>clampToGround</altitudeMode>
                </Point>
            </Placemark>
            <Placemark id="12927">
                <name/>
                <description/>
                <styleUrl>#12928</styleUrl>
                <Point id="12926">
                    <coordinates>34.81285166014487,32.17029026014502,36.00730511825532</coordinates>
                    <extrude>0</extrude>
                    <altitudeMode>clampToGround</altitudeMode>
                </Point>
            </Placemark>
            <Placemark id="12932">
                <name/>
                <description/>
                <styleUrl>#12933</styleUrl>
                <Point id="12931">
                    <coordinates>34.81282145699981,32.17038908179539,69.0979354120791</coordinates>
                    <extrude>0</extrude>
                    <altitudeMode>clampToGround</altitudeMode>
                </Point>
            </Placemark>
            <Placemark id="12937">
                <name/>
                <description/>
                <styleUrl>#12938</styleUrl>
                <Point id="12936">
                    <coordinates>34.81292386344383,32.17045696217592,43.584701865911484</coordinates>
                    <extrude>0</extrude>
                    <altitudeMode>clampToGround</altitudeMode>
                </Point>
            </Placemark>
            <Placemark id="12942">
                <name/>
                <description/>
                <styleUrl>#12943</styleUrl>
                <Point id="12941">
                    <coordinates>34.81295365619972,32.17051786220142,46.61192586366087</coordinates>
                    <extrude>0</extrude>
                    <altitudeMode>clampToGround</altitudeMode>
                </Point>
            </Placemark>
            <Placemark id="12947">
                <name/>
                <description/>
                <styleUrl>#12948</styleUrl>
                <Point id="12946">
                    <coordinates>34.81300856433,32.170595492356284,50.52921998221427</coordinates>
                    <extrude>0</extrude>
                    <altitudeMode>clampToGround</altitudeMode>
                </Point>
            </Placemark>
            <Placemark id="12952">
                <name/>
                <description/>
                <styleUrl>#12953</styleUrl>
                <Point id="12951">
                    <coordinates>34.81303720859335,32.17067161633612,40.42012879624963</coordinates>
                    <extrude>0</extrude>
                    <altitudeMode>clampToGround</altitudeMode>
                </Point>
            </Placemark>
            <Placemark id="12957">
                <name/>
                <description/>
                <styleUrl>#12958</styleUrl>
                <Point id="12956">
                    <coordinates>34.81307809028426,32.170771096648465,61.179523257538676</coordinates>
                    <extrude>0</extrude>
                    <altitudeMode>clampToGround</altitudeMode>
                </Point>
            </Placemark>
            <Placemark id="12962">
                <name/>
                <description/>
                <styleUrl>#12963</styleUrl>
                <Point id="12961">
                    <coordinates>34.81305557754567,32.17083168543936,58.35120255500078</coordinates>
                    <extrude>0</extrude>
                    <altitudeMode>clampToGround</altitudeMode>
                </Point>
            </Placemark>
            <Placemark id="12967">
                <name/>
                <description/>
                <styleUrl>#12968</styleUrl>
                <Point id="12966">
                    <coordinates>34.81310874066388,32.17087332579881,45.94865930266678</coordinates>
                    <extrude>0</extrude>
                    <altitudeMode>clampToGround</altitudeMode>
                </Point>
            </Placemark>
            <Placemark id="12972">
                <name/>
                <description/>
                <styleUrl>#12973</styleUrl>
                <Point id="12971">
                    <coordinates>34.81310988830366,32.17102926103321,71.36370761971921</coordinates>
                    <extrude>0</extrude>
                    <altitudeMode>clampToGround</altitudeMode>
                </Point>
            </Placemark>
            <Placemark id="12977">
                <name/>
                <description/>
                <styleUrl>#12978</styleUrl>
                <Point id="12976">
                    <coordinates>34.81320869067413,32.171002299635234,52.58351547922939</coordinates>
                    <extrude>0</extrude>
                    <altitudeMode>clampToGround</altitudeMode>
                </Point>
            </Placemark>
            <Placemark id="12982">
                <name/>
                <description/>
                <styleUrl>#12983</styleUrl>
                <Point id="12981">
                    <coordinates>34.81326479137935,32.171052214151395,48.88452323805541</coordinates>
                    <extrude>0</extrude>
                    <altitudeMode>clampToGround</altitudeMode>
                </Point>
            </Placemark>
            <Placemark id="12987">
                <name/>
                <description/>
                <styleUrl>#12988</styleUrl>
                <Point id="12986">
                    <coordinates>34.81328078726457,32.171237901108015,66.96571840718389</coordinates>
                    <extrude>0</extrude>
                    <altitudeMode>clampToGround</altitudeMode>
                </Point>
            </Placemark>
            <Placemark id="12992">
                <name/>
                <description/>
                <styleUrl>#12993</styleUrl>
                <Point id="12991">
                    <coordinates>34.81325800723276,32.171293966827754,64.13668019138277</coordinates>
                    <extrude>0</extrude>
                    <altitudeMode>clampToGround</altitudeMode>
                </Point>
            </Placemark>
            <Placemark id="12997">
                <name/>
                <description/>
                <styleUrl>#12998</styleUrl>
                <Point id="12996">
                    <coordinates>34.813307519051115,32.17140105360939,66.72719015087932</coordinates>
                    <extrude>0</extrude>
                    <altitudeMode>clampToGround</altitudeMode>
                </Point>
            </Placemark>
            <Placemark id="13002">
                <name/>
                <description/>
                <styleUrl>#13003</styleUrl>
                <Point id="13001">
                    <coordinates>34.81327452671087,32.17148936429706,96.63263188675046</coordinates>
                    <extrude>0</extrude>
                    <altitudeMode>clampToGround</altitudeMode>
                </Point>
            </Placemark>
            <Placemark id="13007">
                <name/>
                <description/>
                <styleUrl>#13008</styleUrl>
                <Point id="13006">
                    <coordinates>34.81328901940022,32.171436926433664,48.93717978335917</coordinates>
                    <extrude>0</extrude>
                    <altitudeMode>clampToGround</altitudeMode>
                </Point>
            </Placemark>
            <Placemark id="13012">
                <name/>
                <description/>
                <styleUrl>#13013</styleUrl>
                <Point id="13011">
                    <coordinates>34.81329354480555,32.17169804450569,80.87869920860976</coordinates>
                    <extrude>0</extrude>
                    <altitudeMode>clampToGround</altitudeMode>
                </Point>
            </Placemark>
            <Placemark id="13017">
                <name/>
                <description/>
                <styleUrl>#13018</styleUrl>
                <Point id="13016">
                    <coordinates>34.81331616247235,32.17165246232433,59.322499435395</coordinates>
                    <extrude>0</extrude>
                    <altitudeMode>clampToGround</altitudeMode>
                </Point>
            </Placemark>
            <Placemark id="13022">
                <name/>
                <description/>
                <styleUrl>#13023</styleUrl>
                <Point id="13021">
                    <coordinates>34.81330320535023,32.17180983698424,86.52384359855205</coordinates>
                    <extrude>0</extrude>
                    <altitudeMode>clampToGround</altitudeMode>
                </Point>
            </Placemark>
            <Placemark id="13027">
                <name/>
                <description/>
                <styleUrl>#13028</styleUrl>
                <Point id="13026">
                    <coordinates>34.81327426583722,32.17176068212078,59.356419931165874</coordinates>
                    <extrude>0</extrude>
                    <altitudeMode>clampToGround</altitudeMode>
                </Point>
            </Placemark>
            <Placemark id="13032">
                <name/>
                <description/>
                <styleUrl>#13033</styleUrl>
                <Point id="13031">
                    <coordinates>34.81334153438929,32.17179371723471,47.16018934175372</coordinates>
                    <extrude>0</extrude>
                    <altitudeMode>clampToGround</altitudeMode>
                </Point>
            </Placemark>
            <Placemark id="13037">
                <name/>
                <description/>
                <styleUrl>#13038</styleUrl>
                <Point id="13036">
                    <coordinates>34.81334740455079,32.171942670877975,60.01175673678517</coordinates>
                    <extrude>0</extrude>
                    <altitudeMode>clampToGround</altitudeMode>
                </Point>
            </Placemark>
            <Placemark id="13042">
                <name/>
                <description/>
                <styleUrl>#13043</styleUrl>
                <Point id="13041">
                    <coordinates>34.81331082081714,32.17196692451217,57.38032133039087</coordinates>
                    <extrude>0</extrude>
                    <altitudeMode>clampToGround</altitudeMode>
                </Point>
            </Placemark>
            <Placemark id="13047">
                <name/>
                <description/>
                <styleUrl>#13048</styleUrl>
                <Point id="13046">
                    <coordinates>34.81338077990091,32.17201314784268,46.95073726866394</coordinates>
                    <extrude>0</extrude>
                    <altitudeMode>clampToGround</altitudeMode>
                </Point>
            </Placemark>
            <Placemark id="13052">
                <name/>
                <description/>
                <styleUrl>#13053</styleUrl>
                <Point id="13051">
                    <coordinates>34.81342829096561,32.17211772399796,49.550218935124576</coordinates>
                    <extrude>0</extrude>
                    <altitudeMode>clampToGround</altitudeMode>
                </Point>
            </Placemark>
            <Placemark id="13057">
                <name/>
                <description/>
                <styleUrl>#13058</styleUrl>
                <Point id="13056">
                    <coordinates>34.81336062486933,32.1721338762186,62.61880037095398</coordinates>
                    <extrude>0</extrude>
                    <altitudeMode>clampToGround</altitudeMode>
                </Point>
            </Placemark>
            <Placemark id="13062">
                <name/>
                <description/>
                <styleUrl>#13063</styleUrl>
                <Point id="13061">
                    <coordinates>34.81339088951061,32.172173445723644,49.038246335461736</coordinates>
                    <extrude>0</extrude>
                    <altitudeMode>clampToGround</altitudeMode>
                </Point>
            </Placemark>
            <Placemark id="13067">
                <name/>
                <description/>
                <styleUrl>#13068</styleUrl>
                <Point id="13066">
                    <coordinates>34.813415481536964,32.17225782673539,48.866009060293436</coordinates>
                    <extrude>0</extrude>
                    <altitudeMode>clampToGround</altitudeMode>
                </Point>
            </Placemark>
            <Placemark id="13072">
                <name/>
                <description/>
                <styleUrl>#13073</styleUrl>
                <Point id="13071">
                    <coordinates>34.81343632966201,32.17227793021757,51.48424183111638</coordinates>
                    <extrude>0</extrude>
                    <altitudeMode>clampToGround</altitudeMode>
                </Point>
            </Placemark>
            <Placemark id="13077">
                <name/>
                <description/>
                <styleUrl>#13078</styleUrl>
                <Point id="13076">
                    <coordinates>34.813434644374034,32.1723239488309,53.457020421512425</coordinates>
                    <extrude>0</extrude>
                    <altitudeMode>clampToGround</altitudeMode>
                </Point>
            </Placemark>
            <Placemark id="13082">
                <name/>
                <description/>
                <styleUrl>#13083</styleUrl>
                <Point id="13081">
                    <coordinates>34.813440065130806,32.17235858459907,45.692217946983874</coordinates>
                    <extrude>0</extrude>
                    <altitudeMode>clampToGround</altitudeMode>
                </Point>
            </Placemark>
            <Placemark id="13087">
                <name/>
                <description/>
                <styleUrl>#13088</styleUrl>
                <Point id="13086">
                    <coordinates>34.813389161449244,32.17237872635,62.51806275360286</coordinates>
                    <extrude>0</extrude>
                    <altitudeMode>clampToGround</altitudeMode>
                </Point>
            </Placemark>
            <Placemark id="13092">
                <name/>
                <description/>
                <styleUrl>#13093</styleUrl>
                <Point id="13091">
                    <coordinates>34.81340488958522,32.17244253010271,54.66148662380874</coordinates>
                    <extrude>0</extrude>
                    <altitudeMode>clampToGround</altitudeMode>
                </Point>
            </Placemark>
            <Placemark id="13097">
                <name/>
                <description/>
                <styleUrl>#13098</styleUrl>
                <Point id="13096">
                    <coordinates>34.81336289368952,32.17248310338252,61.33746059425175</coordinates>
                    <extrude>0</extrude>
                    <altitudeMode>clampToGround</altitudeMode>
                </Point>
            </Placemark>
            <Placemark id="13102">
                <name/>
                <description/>
                <styleUrl>#13103</styleUrl>
                <Point id="13101">
                    <coordinates>34.81336966320786,32.17251606233091,52.483320424333215</coordinates>
                    <extrude>0</extrude>
                    <altitudeMode>clampToGround</altitudeMode>
                </Point>
            </Placemark>
            <Placemark id="13107">
                <name/>
                <description/>
                <styleUrl>#13108</styleUrl>
                <Point id="13106">
                    <coordinates>34.813303444097556,32.17251301816254,60.039290566928685</coordinates>
                    <extrude>0</extrude>
                    <altitudeMode>clampToGround</altitudeMode>
                </Point>
            </Placemark>
            <Placemark id="13112">
                <name/>
                <description/>
                <styleUrl>#13113</styleUrl>
                <Point id="13111">
                    <coordinates>34.813279316698754,32.17254310771937,50.596993195824325</coordinates>
                    <extrude>0</extrude>
                    <altitudeMode>clampToGround</altitudeMode>
                </Point>
            </Placemark>
            <Placemark id="13117">
                <name/>
                <description/>
                <styleUrl>#13118</styleUrl>
                <Point id="13116">
                    <coordinates>34.813205863107136,32.17256584825314,55.1501055713743</coordinates>
                    <extrude>0</extrude>
                    <altitudeMode>clampToGround</altitudeMode>
                </Point>
            </Placemark>
            <Placemark id="13122">
                <name/>
                <description/>
                <styleUrl>#13123</styleUrl>
                <Point id="13121">
                    <coordinates>34.81312299911306,32.17252742868286,57.30228739324957</coordinates>
                    <extrude>0</extrude>
                    <altitudeMode>clampToGround</altitudeMode>
                </Point>
            </Placemark>
            <Placemark id="13127">
                <name/>
                <description/>
                <styleUrl>#13128</styleUrl>
                <Point id="13126">
                    <coordinates>34.81310801990603,32.17256027212554,47.03814682457596</coordinates>
                    <extrude>0</extrude>
                    <altitudeMode>clampToGround</altitudeMode>
                </Point>
            </Placemark>
            <Placemark id="13132">
                <name/>
                <description/>
                <styleUrl>#13133</styleUrl>
                <Point id="13131">
                    <coordinates>34.81302449300063,32.1725552188228,53.07025909144431</coordinates>
                    <extrude>0</extrude>
                    <altitudeMode>clampToGround</altitudeMode>
                </Point>
            </Placemark>
            <Placemark id="13137">
                <name/>
                <description/>
                <styleUrl>#13138</styleUrl>
                <Point id="13136">
                    <coordinates>34.81296698715548,32.17249726206835,55.82312322501093</coordinates>
                    <extrude>0</extrude>
                    <altitudeMode>clampToGround</altitudeMode>
                </Point>
            </Placemark>
            <Placemark id="13142">
                <name/>
                <description/>
                <styleUrl>#13143</styleUrl>
                <Point id="13141">
                    <coordinates>34.812904598057514,32.172518417748186,49.02027075923979</coordinates>
                    <extrude>0</extrude>
                    <altitudeMode>clampToGround</altitudeMode>
                </Point>
            </Placemark>
            <Placemark id="13147">
                <name/>
                <description/>
                <styleUrl>#13148</styleUrl>
                <Point id="13146">
                    <coordinates>34.81287936069002,32.172629998551585,61.59997196495533</coordinates>
                    <extrude>0</extrude>
                    <altitudeMode>clampToGround</altitudeMode>
                </Point>
            </Placemark>
            <Placemark id="13152">
                <name/>
                <description/>
                <styleUrl>#13153</styleUrl>
                <Point id="13151">
                    <coordinates>34.812807239713464,32.172637231506094,58.38916116207838</coordinates>
                    <extrude>0</extrude>
                    <altitudeMode>clampToGround</altitudeMode>
                </Point>
            </Placemark>
            <Placemark id="13157">
                <name/>
                <description/>
                <styleUrl>#13158</styleUrl>
                <Point id="13156">
                    <coordinates>34.81271583669882,32.17255157326299,55.42724282015115</coordinates>
                    <extrude>0</extrude>
                    <altitudeMode>clampToGround</altitudeMode>
                </Point>
            </Placemark>
            <Placemark id="13162">
                <name/>
                <description/>
                <styleUrl>#13163</styleUrl>
                <Point id="13161">
                    <coordinates>34.81263089655993,32.1725789498307,59.97795612271875</coordinates>
                    <extrude>0</extrude>
                    <altitudeMode>clampToGround</altitudeMode>
                </Point>
            </Placemark>
            <Placemark id="13167">
                <name/>
                <description/>
                <styleUrl>#13168</styleUrl>
                <Point id="13166">
                    <coordinates>34.812626977023186,32.17256063662085,54.73672956880182</coordinates>
                    <extrude>0</extrude>
                    <altitudeMode>clampToGround</altitudeMode>
                </Point>
            </Placemark>
            <Placemark id="13172">
                <name/>
                <description/>
                <styleUrl>#13173</styleUrl>
                <Point id="13171">
                    <coordinates>34.81255641492165,32.17260667722041,52.70512096490711</coordinates>
                    <extrude>0</extrude>
                    <altitudeMode>clampToGround</altitudeMode>
                </Point>
            </Placemark>
            <Placemark id="13177">
                <name/>
                <description/>
                <styleUrl>#13178</styleUrl>
                <Point id="13176">
                    <coordinates>34.81256990160371,32.17258590063448,52.61262931674719</coordinates>
                    <extrude>0</extrude>
                    <altitudeMode>clampToGround</altitudeMode>
                </Point>
            </Placemark>
            <Placemark id="13182">
                <name/>
                <description/>
                <styleUrl>#13183</styleUrl>
                <Point id="13181">
                    <coordinates>34.812508294160565,32.17255101451664,37.89836243074387</coordinates>
                    <extrude>0</extrude>
                    <altitudeMode>clampToGround</altitudeMode>
                </Point>
            </Placemark>
            <Placemark id="13187">
                <name/>
                <description/>
                <styleUrl>#13188</styleUrl>
                <Point id="13186">
                    <coordinates>34.81249067108297,32.17254976213006,51.175524692982435</coordinates>
                    <extrude>0</extrude>
                    <altitudeMode>clampToGround</altitudeMode>
                </Point>
            </Placemark>
            <Placemark id="13192">
                <name/>
                <description/>
                <styleUrl>#13193</styleUrl>
                <Point id="13191">
                    <coordinates>34.81245691608481,32.17248889906508,57.25266157556325</coordinates>
                    <extrude>0</extrude>
                    <altitudeMode>clampToGround</altitudeMode>
                </Point>
            </Placemark>
            <Placemark id="13197">
                <name/>
                <description/>
                <styleUrl>#13198</styleUrl>
                <Point id="13196">
                    <coordinates>34.812494974621195,32.17249128267823,47.18166912719607</coordinates>
                    <extrude>0</extrude>
                    <altitudeMode>clampToGround</altitudeMode>
                </Point>
            </Placemark>
            <Placemark id="13202">
                <name/>
                <description/>
                <styleUrl>#13203</styleUrl>
                <Point id="13201">
                    <coordinates>34.81249117592302,32.17239409534116,42.11182633694261</coordinates>
                    <extrude>0</extrude>
                    <altitudeMode>clampToGround</altitudeMode>
                </Point>
            </Placemark>
            <Placemark id="13207">
                <name/>
                <description/>
                <styleUrl>#13208</styleUrl>
                <Point id="13206">
                    <coordinates>34.81249551682488,32.172373576035106,32.186288121156394</coordinates>
                    <extrude>0</extrude>
                    <altitudeMode>clampToGround</altitudeMode>
                </Point>
            </Placemark>
            <Placemark id="13212">
                <name/>
                <description/>
                <styleUrl>#13213</styleUrl>
                <Point id="13211">
                    <coordinates>34.812358740007845,32.17232627020747,64.58725476264954</coordinates>
                    <extrude>0</extrude>
                    <altitudeMode>clampToGround</altitudeMode>
                </Point>
            </Placemark>
            <Placemark id="13217">
                <name/>
                <description/>
                <styleUrl>#13218</styleUrl>
                <Point id="13216">
                    <coordinates>34.812400052328826,32.17227258368636,49.80630862340331</coordinates>
                    <extrude>0</extrude>
                    <altitudeMode>clampToGround</altitudeMode>
                </Point>
            </Placemark>
            <Placemark id="13222">
                <name/>
                <description/>
                <styleUrl>#13223</styleUrl>
                <Point id="13221">
                    <coordinates>34.81240535207845,32.17225290891834,37.75828851945698</coordinates>
                    <extrude>0</extrude>
                    <altitudeMode>clampToGround</altitudeMode>
                </Point>
            </Placemark>
            <Placemark id="13227">
                <name/>
                <description/>
                <styleUrl>#13228</styleUrl>
                <Point id="13226">
                    <coordinates>34.812385761484386,32.17215971697355,52.8526403689757</coordinates>
                    <extrude>0</extrude>
                    <altitudeMode>clampToGround</altitudeMode>
                </Point>
            </Placemark>
            <Placemark id="13232">
                <name/>
                <description/>
                <styleUrl>#13233</styleUrl>
                <Point id="13231">
                    <coordinates>34.812246002573445,32.172155493988235,67.38277238514274</coordinates>
                    <extrude>0</extrude>
                    <altitudeMode>clampToGround</altitudeMode>
                </Point>
            </Placemark>
            <Placemark id="13237">
                <name/>
                <description/>
                <styleUrl>#13238</styleUrl>
                <Point id="13236">
                    <coordinates>34.81233366848111,32.17210702810382,43.91423156391829</coordinates>
                    <extrude>0</extrude>
                    <altitudeMode>clampToGround</altitudeMode>
                </Point>
            </Placemark>
            <Placemark id="13242">
                <name/>
                <description/>
                <styleUrl>#13243</styleUrl>
                <Point id="13241">
                    <coordinates>34.8122895882109,32.17203148176716,51.05836232192814</coordinates>
                    <extrude>0</extrude>
                    <altitudeMode>clampToGround</altitudeMode>
                </Point>
            </Placemark>
            <Placemark id="13247">
                <name/>
                <description/>
                <styleUrl>#13248</styleUrl>
                <Point id="13246">
                    <coordinates>34.812293645873055,32.171991289066604,42.7669177968055</coordinates>
                    <extrude>0</extrude>
                    <altitudeMode>clampToGround</altitudeMode>
                </Point>
            </Placemark>
            <Placemark id="13252">
                <name/>
                <description/>
                <styleUrl>#13253</styleUrl>
                <Point id="13251">
                    <coordinates>34.81224245752347,32.171940140696385,49.03949991799891</coordinates>
                    <extrude>0</extrude>
                    <altitudeMode>clampToGround</altitudeMode>
                </Point>
            </Placemark>
            <Placemark id="13257">
                <name/>
                <description/>
                <styleUrl>#13258</styleUrl>
                <Point id="13256">
                    <coordinates>34.81217000720462,32.17188941441235,64.10793277621269</coordinates>
                    <extrude>0</extrude>
                    <altitudeMode>clampToGround</altitudeMode>
                </Point>
            </Placemark>
            <Placemark id="13262">
                <name/>
                <description/>
                <styleUrl>#13263</styleUrl>
                <Point id="13261">
                    <coordinates>34.81223438729529,32.17185573296871,33.82292373571545</coordinates>
                    <extrude>0</extrude>
                    <altitudeMode>clampToGround</altitudeMode>
                </Point>
            </Placemark>
            <Placemark id="13267">
                <name/>
                <description/>
                <styleUrl>#13268</styleUrl>
                <Point id="13266">
                    <coordinates>34.81210961837117,32.17180125302643,63.82926944922656</coordinates>
                    <extrude>0</extrude>
                    <altitudeMode>clampToGround</altitudeMode>
                </Point>
            </Placemark>
            <Placemark id="13272">
                <name/>
                <description/>
                <styleUrl>#13273</styleUrl>
                <Point id="13271">
                    <coordinates>34.812188547037046,32.17171193509278,39.04334433749318</coordinates>
                    <extrude>0</extrude>
                    <altitudeMode>clampToGround</altitudeMode>
                </Point>
            </Placemark>
            <Placemark id="13277">
                <name/>
                <description/>
                <styleUrl>#13278</styleUrl>
                <Point id="13276">
                    <coordinates>34.81206331400299,32.171621007333556,68.09333327785134</coordinates>
                    <extrude>0</extrude>
                    <altitudeMode>clampToGround</altitudeMode>
                </Point>
            </Placemark>
            <Placemark id="13282">
                <name/>
                <description/>
                <styleUrl>#13283</styleUrl>
                <Point id="13281">
                    <coordinates>34.812029391128284,32.17151631129204,80.61815066821873</coordinates>
                    <extrude>0</extrude>
                    <altitudeMode>clampToGround</altitudeMode>
                </Point>
            </Placemark>
            <Placemark id="13287">
                <name/>
                <description/>
                <styleUrl>#13288</styleUrl>
                <Point id="13286">
                    <coordinates>34.81206563896577,32.171500490589935,55.98279662895948</coordinates>
                    <extrude>0</extrude>
                    <altitudeMode>clampToGround</altitudeMode>
                </Point>
            </Placemark>
            <Placemark id="13292">
                <name/>
                <description/>
                <styleUrl>#13293</styleUrl>
                <Point id="13291">
                    <coordinates>34.81207631653114,32.17149072446856,46.45859484933317</coordinates>
                    <extrude>0</extrude>
                    <altitudeMode>clampToGround</altitudeMode>
                </Point>
            </Placemark>
            <Placemark id="13297">
                <name/>
                <description/>
                <styleUrl>#13298</styleUrl>
                <Point id="13296">
                    <coordinates>34.812061853779554,32.17145962995237,28.903783230111003</coordinates>
                    <extrude>0</extrude>
                    <altitudeMode>clampToGround</altitudeMode>
                </Point>
            </Placemark>
            <Placemark id="13302">
                <name/>
                <description/>
                <styleUrl>#13303</styleUrl>
                <Point id="13301">
                    <coordinates>34.81199551652633,32.171433352300696,48.79906681459397</coordinates>
                    <extrude>0</extrude>
                    <altitudeMode>clampToGround</altitudeMode>
                </Point>
            </Placemark>
            <Placemark id="13307">
                <name/>
                <description/>
                <styleUrl>#13308</styleUrl>
                <Point id="13306">
                    <coordinates>34.81198338296846,32.17127944670702,57.35766540840268</coordinates>
                    <extrude>0</extrude>
                    <altitudeMode>clampToGround</altitudeMode>
                </Point>
            </Placemark>
            <Placemark id="13312">
                <name/>
                <description/>
                <styleUrl>#13313</styleUrl>
                <Point id="13311">
                    <coordinates>34.81196059335922,32.17122785732472,53.13476777635515</coordinates>
                    <extrude>0</extrude>
                    <altitudeMode>clampToGround</altitudeMode>
                </Point>
            </Placemark>
            <Placemark id="13317">
                <name/>
                <description/>
                <styleUrl>#13318</styleUrl>
                <Point id="13316">
                    <coordinates>34.81189895155315,32.1711648616838,51.98706584703177</coordinates>
                    <extrude>0</extrude>
                    <altitudeMode>clampToGround</altitudeMode>
                </Point>
            </Placemark>
            <Placemark id="13322">
                <name/>
                <description/>
                <styleUrl>#13323</styleUrl>
                <Point id="13321">
                    <coordinates>34.811930337776246,32.171116074947975,43.18131061736494</coordinates>
                    <extrude>0</extrude>
                    <altitudeMode>clampToGround</altitudeMode>
                </Point>
            </Placemark>
            <Placemark id="13327">
                <name/>
                <description/>
                <styleUrl>#13328</styleUrl>
                <Point id="13326">
                    <coordinates>34.81184434387398,32.17100166008254,62.86634438391775</coordinates>
                    <extrude>0</extrude>
                    <altitudeMode>clampToGround</altitudeMode>
                </Point>
            </Placemark>
            <Placemark id="13332">
                <name/>
                <description/>
                <styleUrl>#13333</styleUrl>
                <Point id="13331">
                    <coordinates>34.81180819585319,32.170990074807335,52.30763481557369</coordinates>
                    <extrude>0</extrude>
                    <altitudeMode>clampToGround</altitudeMode>
                </Point>
            </Placemark>
            <Placemark id="13337">
                <name/>
                <description/>
                <styleUrl>#13338</styleUrl>
                <Point id="13336">
                    <coordinates>34.81177754611517,32.17087131172542,66.69605096708983</coordinates>
                    <extrude>0</extrude>
                    <altitudeMode>clampToGround</altitudeMode>
                </Point>
            </Placemark>
            <Placemark id="13342">
                <name/>
                <description/>
                <styleUrl>#13343</styleUrl>
                <Point id="13341">
                    <coordinates>34.81176145390284,32.17084315903156,36.72256327141076</coordinates>
                    <extrude>0</extrude>
                    <altitudeMode>clampToGround</altitudeMode>
                </Point>
            </Placemark>
            <Placemark id="13347">
                <name/>
                <description/>
                <styleUrl>#13348</styleUrl>
                <Point id="13346">
                    <coordinates>34.811709007597926,32.17078332590081,50.01662126369774</coordinates>
                    <extrude>0</extrude>
                    <altitudeMode>clampToGround</altitudeMode>
                </Point>
            </Placemark>
            <Placemark id="13352">
                <name/>
                <description/>
                <styleUrl>#13353</styleUrl>
                <Point id="13351">
                    <coordinates>34.81169577465174,32.170696236208705,50.9832752160728</coordinates>
                    <extrude>0</extrude>
                    <altitudeMode>clampToGround</altitudeMode>
                </Point>
            </Placemark>
            <Placemark id="13357">
                <name/>
                <description/>
                <styleUrl>#13358</styleUrl>
                <Point id="13356">
                    <coordinates>34.81165900301586,32.170658754138955,44.19232563953847</coordinates>
                    <extrude>0</extrude>
                    <altitudeMode>clampToGround</altitudeMode>
                </Point>
            </Placemark>
            <Placemark id="13362">
                <name/>
                <description/>
                <styleUrl>#13363</styleUrl>
                <Point id="13361">
                    <coordinates>34.811558337874544,32.170602021396945,66.84314007125795</coordinates>
                    <extrude>0</extrude>
                    <altitudeMode>clampToGround</altitudeMode>
                </Point>
            </Placemark>
            <Placemark id="13367">
                <name/>
                <description/>
                <styleUrl>#13368</styleUrl>
                <Point id="13366">
                    <coordinates>34.81156356804488,32.17056584569938,50.988194161094725</coordinates>
                    <extrude>0</extrude>
                    <altitudeMode>clampToGround</altitudeMode>
                </Point>
            </Placemark>
            <Placemark id="13372">
                <name/>
                <description/>
                <styleUrl>#13373</styleUrl>
                <Point id="13371">
                    <coordinates>34.811582300863776,32.17051409296615,38.29440643079579</coordinates>
                    <extrude>0</extrude>
                    <altitudeMode>clampToGround</altitudeMode>
                </Point>
            </Placemark>
            <Placemark id="13377">
                <name/>
                <description/>
                <styleUrl>#13378</styleUrl>
                <Point id="13376">
                    <coordinates>34.81151862663917,32.170408592426185,49.80155775602907</coordinates>
                    <extrude>0</extrude>
                    <altitudeMode>clampToGround</altitudeMode>
                </Point>
            </Placemark>
            <Placemark id="13382">
                <name/>
                <description/>
                <styleUrl>#13383</styleUrl>
                <Point id="13381">
                    <coordinates>34.811504839569416,32.170362799534686,63.80391286872327</coordinates>
                    <extrude>0</extrude>
                    <altitudeMode>clampToGround</altitudeMode>
                </Point>
            </Placemark>
            <Placemark id="13387">
                <name/>
                <description/>
                <styleUrl>#13388</styleUrl>
                <Point id="13386">
                    <coordinates>34.81149058699895,32.17026483491173,40.74630376137793</coordinates>
                    <extrude>0</extrude>
                    <altitudeMode>clampToGround</altitudeMode>
                </Point>
            </Placemark>
            <Placemark id="13392">
                <name/>
                <description/>
                <styleUrl>#13393</styleUrl>
                <Point id="13391">
                    <coordinates>34.81149017966062,32.17019447147359,35.02155148796737</coordinates>
                    <extrude>0</extrude>
                    <altitudeMode>clampToGround</altitudeMode>
                </Point>
            </Placemark>
            <Placemark id="13397">
                <name/>
                <description/>
                <styleUrl>#13398</styleUrl>
                <Point id="13396">
                    <coordinates>34.81138487305312,32.170234730790796,42.70868596807122</coordinates>
                    <extrude>0</extrude>
                    <altitudeMode>clampToGround</altitudeMode>
                </Point>
            </Placemark>
            <Placemark id="13402">
                <name/>
                <description/>
                <styleUrl>#13403</styleUrl>
                <Point id="13401">
                    <coordinates>34.811326912824356,32.17014911000922,60.070767261087894</coordinates>
                    <extrude>0</extrude>
                    <altitudeMode>clampToGround</altitudeMode>
                </Point>
            </Placemark>
            <Placemark id="13407">
                <name/>
                <description/>
                <styleUrl>#13408</styleUrl>
                <Point id="13406">
                    <coordinates>34.81132598466025,32.17006041004124,42.99828124884516</coordinates>
                    <extrude>0</extrude>
                    <altitudeMode>clampToGround</altitudeMode>
                </Point>
            </Placemark>
            <Placemark id="13412">
                <name/>
                <description/>
                <styleUrl>#13413</styleUrl>
                <Point id="13411">
                    <coordinates>34.811336703625734,32.169984821235445,44.930452067404985</coordinates>
                    <extrude>0</extrude>
                    <altitudeMode>clampToGround</altitudeMode>
                </Point>
            </Placemark>
            <Placemark id="13417">
                <name/>
                <description/>
                <styleUrl>#13418</styleUrl>
                <Point id="13416">
                    <coordinates>34.81131288495257,32.16992930743712,32.1842185780406</coordinates>
                    <extrude>0</extrude>
                    <altitudeMode>clampToGround</altitudeMode>
                </Point>
            </Placemark>
            <Placemark id="13422">
                <name/>
                <description/>
                <styleUrl>#13423</styleUrl>
                <Point id="13421">
                    <coordinates>34.81130378272637,32.16983016370938,42.61249374598265</coordinates>
                    <extrude>0</extrude>
                    <altitudeMode>clampToGround</altitudeMode>
                </Point>
            </Placemark>
            <Placemark id="13427">
                <name/>
                <description/>
                <styleUrl>#13428</styleUrl>
                <Point id="13426">
                    <coordinates>34.811233495344176,32.16976915675491,48.961977161467075</coordinates>
                    <extrude>0</extrude>
                    <altitudeMode>clampToGround</altitudeMode>
                </Point>
            </Placemark>
            <Placemark id="13432">
                <name/>
                <description/>
                <styleUrl>#13433</styleUrl>
                <Point id="13431">
                    <coordinates>34.81117683661399,32.1696887007851,51.56817746348679</coordinates>
                    <extrude>0</extrude>
                    <altitudeMode>clampToGround</altitudeMode>
                </Point>
            </Placemark>
            <Placemark id="13437">
                <name/>
                <description/>
                <styleUrl>#13438</styleUrl>
                <Point id="13436">
                    <coordinates>34.811162527878466,32.16964771269885,49.23575777001679</coordinates>
                    <extrude>0</extrude>
                    <altitudeMode>clampToGround</altitudeMode>
                </Point>
            </Placemark>
            <Placemark id="13442">
                <name/>
                <description/>
                <styleUrl>#13443</styleUrl>
                <Point id="13441">
                    <coordinates>34.811064539832756,32.16961252152165,71.18564499728382</coordinates>
                    <extrude>0</extrude>
                    <altitudeMode>clampToGround</altitudeMode>
                </Point>
            </Placemark>
            <Placemark id="13447">
                <name/>
                <description/>
                <styleUrl>#13448</styleUrl>
                <Point id="13446">
                    <coordinates>34.81112529302802,32.169489600424455,39.91806043870747</coordinates>
                    <extrude>0</extrude>
                    <altitudeMode>clampToGround</altitudeMode>
                </Point>
            </Placemark>
            <Placemark id="13452">
                <name/>
                <description/>
                <styleUrl>#13453</styleUrl>
                <Point id="13451">
                    <coordinates>34.811025988498585,32.16936498595233,66.30579092446715</coordinates>
                    <extrude>0</extrude>
                    <altitudeMode>clampToGround</altitudeMode>
                </Point>
            </Placemark>
            <Placemark id="13457">
                <name/>
                <description/>
                <styleUrl>#13458</styleUrl>
                <Point id="13456">
                    <coordinates>34.81107066907994,32.169360287422776,41.66606546845287</coordinates>
                    <extrude>0</extrude>
                    <altitudeMode>clampToGround</altitudeMode>
                </Point>
            </Placemark>
            <Placemark id="13462">
                <name/>
                <description/>
                <styleUrl>#13463</styleUrl>
                <Point id="13461">
                    <coordinates>34.81091756940833,32.169230381994055,75.06309105921537</coordinates>
                    <extrude>0</extrude>
                    <altitudeMode>clampToGround</altitudeMode>
                </Point>
            </Placemark>
            <Placemark id="13467">
                <name/>
                <description/>
                <styleUrl>#13468</styleUrl>
                <Point id="13466">
                    <coordinates>34.811014903324974,32.16923315592509,36.77231271006167</coordinates>
                    <extrude>0</extrude>
                    <altitudeMode>clampToGround</altitudeMode>
                </Point>
            </Placemark>
            <Placemark id="13472">
                <name/>
                <description/>
                <styleUrl>#13473</styleUrl>
                <Point id="13471">
                    <coordinates>34.81093353782194,32.16918293838885,66.91562385577708</coordinates>
                    <extrude>0</extrude>
                    <altitudeMode>clampToGround</altitudeMode>
                </Point>
            </Placemark>
            <Placemark id="13477">
                <name/>
                <description/>
                <styleUrl>#13478</styleUrl>
                <Point id="13476">
                    <coordinates>34.81095594077071,32.16903304118406,46.75170723069459</coordinates>
                    <extrude>0</extrude>
                    <altitudeMode>clampToGround</altitudeMode>
                </Point>
            </Placemark>
            <Placemark id="13482">
                <name/>
                <description/>
                <styleUrl>#13483</styleUrl>
                <Point id="13481">
                    <coordinates>34.810884308104015,32.16899150366215,53.654712920077145</coordinates>
                    <extrude>0</extrude>
                    <altitudeMode>clampToGround</altitudeMode>
                </Point>
            </Placemark>
            <Placemark id="13487">
                <name/>
                <description/>
                <styleUrl>#13488</styleUrl>
                <Point id="13486">
                    <coordinates>34.81080033420869,32.16891250410117,68.33954188413918</coordinates>
                    <extrude>0</extrude>
                    <altitudeMode>clampToGround</altitudeMode>
                </Point>
            </Placemark>
            <Placemark id="13492">
                <name/>
                <description/>
                <styleUrl>#13493</styleUrl>
                <Point id="13491">
                    <coordinates>34.810867487355274,32.168855001796594,59.09295697975904</coordinates>
                    <extrude>0</extrude>
                    <altitudeMode>clampToGround</altitudeMode>
                </Point>
            </Placemark>
            <Placemark id="13497">
                <name/>
                <description/>
                <styleUrl>#13498</styleUrl>
                <Point id="13496">
                    <coordinates>34.81089975666287,32.16882962662431,36.63502028025687</coordinates>
                    <extrude>0</extrude>
                    <altitudeMode>clampToGround</altitudeMode>
                </Point>
            </Placemark>
            <Placemark id="13502">
                <name/>
                <description/>
                <styleUrl>#13503</styleUrl>
                <Point id="13501">
                    <coordinates>34.810750202342504,32.16873606568087,70.86845095362514</coordinates>
                    <extrude>0</extrude>
                    <altitudeMode>clampToGround</altitudeMode>
                </Point>
            </Placemark>
            <Placemark id="13507">
                <name/>
                <description/>
                <styleUrl>#13508</styleUrl>
                <Point id="13506">
                    <coordinates>34.810885110563014,32.1687605137999,43.66926204133779</coordinates>
                    <extrude>0</extrude>
                    <altitudeMode>clampToGround</altitudeMode>
                </Point>
            </Placemark>
            <Placemark id="13512">
                <name/>
                <description/>
                <styleUrl>#13513</styleUrl>
                <Point id="13511">
                    <coordinates>34.81093291789906,32.16871904397829,51.87848550174385</coordinates>
                    <extrude>0</extrude>
                    <altitudeMode>clampToGround</altitudeMode>
                </Point>
            </Placemark>
            <Placemark id="13517">
                <name/>
                <description/>
                <styleUrl>#13518</styleUrl>
                <Point id="13516">
                    <coordinates>34.81097587214954,32.16869742997771,44.191248196177185</coordinates>
                    <extrude>0</extrude>
                    <altitudeMode>clampToGround</altitudeMode>
                </Point>
            </Placemark>
            <Placemark id="13522">
                <name/>
                <description/>
                <styleUrl>#13523</styleUrl>
                <Point id="13521">
                    <coordinates>34.81101984350942,32.16874371660065,43.07695496082306</coordinates>
                    <extrude>0</extrude>
                    <altitudeMode>clampToGround</altitudeMode>
                </Point>
            </Placemark>
            <Placemark id="13527">
                <name/>
                <description/>
                <styleUrl>#13528</styleUrl>
                <Point id="13526">
                    <coordinates>34.81109034783321,32.16881652999692,40.472645410336554</coordinates>
                    <extrude>0</extrude>
                    <altitudeMode>clampToGround</altitudeMode>
                </Point>
            </Placemark>
            <Placemark id="13532">
                <name/>
                <description/>
                <styleUrl>#13533</styleUrl>
                <Point id="13531">
                    <coordinates>34.81120200091246,32.168744472281816,43.9874429134652</coordinates>
                    <extrude>0</extrude>
                    <altitudeMode>clampToGround</altitudeMode>
                </Point>
            </Placemark>
            <Placemark id="13537">
                <name/>
                <description/>
                <styleUrl>#13538</styleUrl>
                <Point id="13536">
                    <coordinates>34.81129514007616,32.168754315017885,44.7077717743814</coordinates>
                    <extrude>0</extrude>
                    <altitudeMode>clampToGround</altitudeMode>
                </Point>
            </Placemark>
            <Placemark id="13542">
                <name/>
                <description/>
                <styleUrl>#13543</styleUrl>
                <Point id="13541">
                    <coordinates>34.8114359540449,32.16875529644723,45.860350500792265</coordinates>
                    <extrude>0</extrude>
                    <altitudeMode>clampToGround</altitudeMode>
                </Point>
            </Placemark>
            <Placemark id="13547">
                <name/>
                <description/>
                <styleUrl>#13548</styleUrl>
                <Point id="13546">
                    <coordinates>34.81151443252527,32.168748676866734,37.30098996497691</coordinates>
                    <extrude>0</extrude>
                    <altitudeMode>clampToGround</altitudeMode>
                </Point>
            </Placemark>
            <Placemark id="13552">
                <name/>
                <description/>
                <styleUrl>#13553</styleUrl>
                <Point id="13551">
                    <coordinates>34.811622194524055,32.16875249593359,39.766064282506704</coordinates>
                    <extrude>0</extrude>
                    <altitudeMode>clampToGround</altitudeMode>
                </Point>
            </Placemark>
            <Placemark id="13557">
                <name/>
                <description/>
                <styleUrl>#13558</styleUrl>
                <Point id="13556">
                    <coordinates>34.81176692244837,32.16880015995086,44.577157305553555</coordinates>
                    <extrude>0</extrude>
                    <altitudeMode>clampToGround</altitudeMode>
                </Point>
            </Placemark>
            <Placemark id="13562">
                <name/>
                <description/>
                <styleUrl>#13563</styleUrl>
                <Point id="13561">
                    <coordinates>34.81181687209376,32.168782540639825,42.85113319940865</coordinates>
                    <extrude>0</extrude>
                    <altitudeMode>clampToGround</altitudeMode>
                </Point>
            </Placemark>
            <Placemark id="13567">
                <name/>
                <description/>
                <styleUrl>#13568</styleUrl>
                <Point id="13566">
                    <coordinates>34.81188335173259,32.16877873101654,46.39435607753694</coordinates>
                    <extrude>0</extrude>
                    <altitudeMode>clampToGround</altitudeMode>
                </Point>
            </Placemark>
            <Placemark id="13572">
                <name/>
                <description/>
                <styleUrl>#13573</styleUrl>
                <Point id="13571">
                    <coordinates>34.811922076047566,32.168834506949615,49.636191518977284</coordinates>
                    <extrude>0</extrude>
                    <altitudeMode>clampToGround</altitudeMode>
                </Point>
            </Placemark>
            <Placemark id="13577">
                <name/>
                <description/>
                <styleUrl>#13578</styleUrl>
                <Point id="13576">
                    <coordinates>34.81196244340184,32.16879029568693,42.5335203576833</coordinates>
                    <extrude>0</extrude>
                    <altitudeMode>clampToGround</altitudeMode>
                </Point>
            </Placemark>
            <Placemark id="13582">
                <name/>
                <description/>
                <styleUrl>#13583</styleUrl>
                <Point id="13581">
                    <coordinates>34.812004854461684,32.1687705113704,38.37423781864345</coordinates>
                    <extrude>0</extrude>
                    <altitudeMode>clampToGround</altitudeMode>
                </Point>
            </Placemark>
            <Placemark id="13587">
                <name/>
                <description/>
                <styleUrl>#13588</styleUrl>
                <Point id="13586">
                    <coordinates>34.812027020384015,32.16881501314772,41.96545884013176</coordinates>
                    <extrude>0</extrude>
                    <altitudeMode>clampToGround</altitudeMode>
                </Point>
            </Placemark>
            <Placemark id="13592">
                <name/>
                <description/>
                <styleUrl>#13593</styleUrl>
                <Point id="13591">
                    <coordinates>34.81209686530242,32.16881470314871,39.25412717554718</coordinates>
                    <extrude>0</extrude>
                    <altitudeMode>clampToGround</altitudeMode>
                </Point>
            </Placemark>
            <Placemark id="13597">
                <name/>
                <description/>
                <styleUrl>#13598</styleUrl>
                <Point id="13596">
                    <coordinates>34.81210904420459,32.16884592143937,43.86204502452165</coordinates>
                    <extrude>0</extrude>
                    <altitudeMode>clampToGround</altitudeMode>
                </Point>
            </Placemark>
            <Placemark id="13602">
                <name/>
                <description/>
                <styleUrl>#13603</styleUrl>
                <Point id="13601">
                    <coordinates>34.81217177217756,32.168842707156124,41.52564890217036</coordinates>
                    <extrude>0</extrude>
                    <altitudeMode>clampToGround</altitudeMode>
                </Point>
            </Placemark>
            <Placemark id="13607">
                <name/>
                <description/>
                <styleUrl>#13608</styleUrl>
                <Point id="13606">
                    <coordinates>34.81220300824919,32.16885981594518,48.315249875187874</coordinates>
                    <extrude>0</extrude>
                    <altitudeMode>clampToGround</altitudeMode>
                </Point>
            </Placemark>
            <Placemark id="13612">
                <name/>
                <description/>
                <styleUrl>#13613</styleUrl>
                <Point id="13611">
                    <coordinates>34.81226472895026,32.168858150025365,48.66239358205348</coordinates>
                    <extrude>0</extrude>
                    <altitudeMode>clampToGround</altitudeMode>
                </Point>
            </Placemark>
            <Placemark id="13617">
                <name/>
                <description/>
                <styleUrl>#13618</styleUrl>
                <Point id="13616">
                    <coordinates>34.8122787798252,32.16883080449928,43.94830481521785</coordinates>
                    <extrude>0</extrude>
                    <altitudeMode>clampToGround</altitudeMode>
                </Point>
            </Placemark>
            <Placemark id="13622">
                <name/>
                <description/>
                <styleUrl>#13623</styleUrl>
                <Point id="13621">
                    <coordinates>34.812349086930844,32.168857830027385,39.79302611015737</coordinates>
                    <extrude>0</extrude>
                    <altitudeMode>clampToGround</altitudeMode>
                </Point>
            </Placemark>
            <Placemark id="13627">
                <name/>
                <description/>
                <styleUrl>#13628</styleUrl>
                <Point id="13626">
                    <coordinates>34.812528411075284,32.16903710919351,65.60611380729824</coordinates>
                    <extrude>0</extrude>
                    <altitudeMode>clampToGround</altitudeMode>
                </Point>
            </Placemark>
            <Placemark id="13632">
                <name/>
                <description/>
                <styleUrl>#13633</styleUrl>
                <Point id="13631">
                    <coordinates>34.81243673079138,32.168902468281345,44.97093755565584</coordinates>
                    <extrude>0</extrude>
                    <altitudeMode>clampToGround</altitudeMode>
                </Point>
            </Placemark>
            <Placemark id="13637">
                <name/>
                <description/>
                <styleUrl>#13638</styleUrl>
                <Point id="13636">
                    <coordinates>34.812508668008824,32.168902472291165,44.67506669834256</coordinates>
                    <extrude>0</extrude>
                    <altitudeMode>clampToGround</altitudeMode>
                </Point>
            </Placemark>
            <Placemark id="13642">
                <name/>
                <description/>
                <styleUrl>#13643</styleUrl>
                <Point id="13641">
                    <coordinates>34.81271038165184,32.16886784154734,51.93257362861186</coordinates>
                    <extrude>0</extrude>
                    <altitudeMode>clampToGround</altitudeMode>
                </Point>
            </Placemark>
            <Placemark id="13647">
                <name/>
                <description/>
                <styleUrl>#13648</styleUrl>
                <Point id="13646">
                    <coordinates>34.81271777176428,32.16882942232448,48.91079237218946</coordinates>
                    <extrude>0</extrude>
                    <altitudeMode>clampToGround</altitudeMode>
                </Point>
            </Placemark>
            <Placemark id="13652">
                <name/>
                <description/>
                <styleUrl>#13653</styleUrl>
                <Point id="13651">
                    <coordinates>34.81281569739075,32.16883959848513,48.5513321030885</coordinates>
                    <extrude>0</extrude>
                    <altitudeMode>clampToGround</altitudeMode>
                </Point>
            </Placemark>
            <Placemark id="13657">
                <name/>
                <description/>
                <styleUrl>#13658</styleUrl>
                <Point id="13656">
                    <coordinates>34.8128718795118,32.168845599341296,47.25852382462472</coordinates>
                    <extrude>0</extrude>
                    <altitudeMode>clampToGround</altitudeMode>
                </Point>
            </Placemark>
            <Placemark id="13662">
                <name/>
                <description/>
                <styleUrl>#13663</styleUrl>
                <Point id="13661">
                    <coordinates>34.81296463425766,32.16884735168949,44.78872474189848</coordinates>
                    <extrude>0</extrude>
                    <altitudeMode>clampToGround</altitudeMode>
                </Point>
            </Placemark>
            <Placemark id="13667">
                <name/>
                <description/>
                <styleUrl>#13668</styleUrl>
                <Point id="13666">
                    <coordinates>34.813003373980315,32.16883657289832,46.51598655618727</coordinates>
                    <extrude>0</extrude>
                    <altitudeMode>clampToGround</altitudeMode>
                </Point>
            </Placemark>
            <Placemark id="13672">
                <name/>
                <description/>
                <styleUrl>#13673</styleUrl>
                <Point id="13671">
                    <coordinates>34.813048728275,32.168855002280196,45.933576873503625</coordinates>
                    <extrude>0</extrude>
                    <altitudeMode>clampToGround</altitudeMode>
                </Point>
            </Placemark>
            <Placemark id="13677">
                <name/>
                <description/>
                <styleUrl>#13678</styleUrl>
                <Point id="13676">
                    <coordinates>34.81314143398139,32.16886550111582,43.65245005115867</coordinates>
                    <extrude>0</extrude>
                    <altitudeMode>clampToGround</altitudeMode>
                </Point>
            </Placemark>
            <Placemark id="13682">
                <name/>
                <description/>
                <styleUrl>#13683</styleUrl>
                <Point id="13681">
                    <coordinates>34.81319138464203,32.168844147172464,37.048305104486644</coordinates>
                    <extrude>0</extrude>
                    <altitudeMode>clampToGround</altitudeMode>
                </Point>
            </Placemark>
            <Placemark id="13687">
                <name/>
                <description/>
                <styleUrl>#13688</styleUrl>
                <Point id="13686">
                    <coordinates>34.81326223202196,32.16882696192711,49.97198439761996</coordinates>
                    <extrude>0</extrude>
                    <altitudeMode>clampToGround</altitudeMode>
                </Point>
            </Placemark>
            <Placemark id="13692">
                <name/>
                <description/>
                <styleUrl>#13693</styleUrl>
                <Point id="13691">
                    <coordinates>34.81327667370398,32.16882564047105,38.09953280445188</coordinates>
                    <extrude>0</extrude>
                    <altitudeMode>clampToGround</altitudeMode>
                </Point>
            </Placemark>
            <Placemark id="13697">
                <name/>
                <description/>
                <styleUrl>#13698</styleUrl>
                <Point id="13696">
                    <coordinates>34.813355477542785,32.168822583414034,46.352170187048614</coordinates>
                    <extrude>0</extrude>
                    <altitudeMode>clampToGround</altitudeMode>
                </Point>
            </Placemark>
            <Placemark id="13702">
                <name/>
                <description/>
                <styleUrl>#13703</styleUrl>
                <Point id="13701">
                    <coordinates>34.81341623516487,32.168778868183686,57.43368394859135</coordinates>
                    <extrude>0</extrude>
                    <altitudeMode>clampToGround</altitudeMode>
                </Point>
            </Placemark>
            <Placemark id="13707">
                <name/>
                <description/>
                <styleUrl>#13708</styleUrl>
                <Point id="13706">
                    <coordinates>34.813471217553996,32.16883161700148,52.86771942488849</coordinates>
                    <extrude>0</extrude>
                    <altitudeMode>clampToGround</altitudeMode>
                </Point>
            </Placemark>
            <Placemark id="13712">
                <name/>
                <description/>
                <styleUrl>#13713</styleUrl>
                <Point id="13711">
                    <coordinates>34.813493717051585,32.16880099701034,51.348992547020316</coordinates>
                    <extrude>0</extrude>
                    <altitudeMode>clampToGround</altitudeMode>
                </Point>
            </Placemark>
            <Placemark id="13717">
                <name/>
                <description/>
                <styleUrl>#13718</styleUrl>
                <Point id="13716">
                    <coordinates>34.81348109011129,32.1688411304956,52.061843337491155</coordinates>
                    <extrude>0</extrude>
                    <altitudeMode>clampToGround</altitudeMode>
                </Point>
            </Placemark>
            <Placemark id="13722">
                <name/>
                <description/>
                <styleUrl>#13723</styleUrl>
                <Point id="13721">
                    <coordinates>34.813581400696826,32.168805648513676,58.85471218731254</coordinates>
                    <extrude>0</extrude>
                    <altitudeMode>clampToGround</altitudeMode>
                </Point>
            </Placemark>
            <Placemark id="13727">
                <name/>
                <description/>
                <styleUrl>#13728</styleUrl>
                <Point id="13726">
                    <coordinates>34.81364457455652,32.16879941985442,59.910306852310896</coordinates>
                    <extrude>0</extrude>
                    <altitudeMode>clampToGround</altitudeMode>
                </Point>
            </Placemark>
            <Placemark id="13732">
                <name/>
                <description/>
                <styleUrl>#13733</styleUrl>
                <Point id="13731">
                    <coordinates>34.81364671027943,32.168844050651806,50.2614706652239</coordinates>
                    <extrude>0</extrude>
                    <altitudeMode>clampToGround</altitudeMode>
                </Point>
            </Placemark>
            <Placemark id="13737">
                <name/>
                <description/>
                <styleUrl>#13738</styleUrl>
                <Point id="13736">
                    <coordinates>34.81365481064253,32.16875536478004,56.16512132715434</coordinates>
                    <extrude>0</extrude>
                    <altitudeMode>clampToGround</altitudeMode>
                </Point>
            </Placemark>
            <Placemark id="13742">
                <name/>
                <description/>
                <styleUrl>#13743</styleUrl>
                <Point id="13741">
                    <coordinates>34.81370011322424,32.16884992614631,48.57822148408741</coordinates>
                    <extrude>0</extrude>
                    <altitudeMode>clampToGround</altitudeMode>
                </Point>
            </Placemark>
            <Placemark id="13747">
                <name/>
                <description/>
                <styleUrl>#13748</styleUrl>
                <Point id="13746">
                    <coordinates>34.813630829236196,32.1688338914016,67.80778251960874</coordinates>
                    <extrude>0</extrude>
                    <altitudeMode>clampToGround</altitudeMode>
                </Point>
            </Placemark>
            <Placemark id="13752">
                <name/>
                <description/>
                <styleUrl>#13753</styleUrl>
                <Point id="13751">
                    <coordinates>34.81361831360025,32.168828539258186,55.02650830987841</coordinates>
                    <extrude>0</extrude>
                    <altitudeMode>clampToGround</altitudeMode>
                </Point>
            </Placemark>
            <Placemark id="13757">
                <name/>
                <description/>
                <styleUrl>#13758</styleUrl>
                <Point id="13756">
                    <coordinates>34.813640571935245,32.16882216277574,85.30885851383209</coordinates>
                    <extrude>0</extrude>
                    <altitudeMode>clampToGround</altitudeMode>
                </Point>
            </Placemark>
            <Placemark id="13762">
                <name/>
                <description/>
                <styleUrl>#13763</styleUrl>
                <Point id="13761">
                    <coordinates>34.81361767424837,32.16884627385084,71.72729223128408</coordinates>
                    <extrude>0</extrude>
                    <altitudeMode>clampToGround</altitudeMode>
                </Point>
            </Placemark>
            <Placemark id="13767">
                <name/>
                <description/>
                <styleUrl>#13768</styleUrl>
                <Point id="13766">
                    <coordinates>34.813640643361744,32.168817680711726,60.45449032261968</coordinates>
                    <extrude>0</extrude>
                    <altitudeMode>clampToGround</altitudeMode>
                </Point>
            </Placemark>
            <Placemark id="13772">
                <name/>
                <description/>
                <styleUrl>#13773</styleUrl>
                <Point id="13771">
                    <coordinates>34.81359906737681,32.168855345982394,89.58957683295012</coordinates>
                    <extrude>0</extrude>
                    <altitudeMode>clampToGround</altitudeMode>
                </Point>
            </Placemark>
            <Placemark id="13777">
                <name/>
                <description/>
                <styleUrl>#13778</styleUrl>
                <Point id="13776">
                    <coordinates>34.81362595154249,32.16880156781723,73.24467050936073</coordinates>
                    <extrude>0</extrude>
                    <altitudeMode>clampToGround</altitudeMode>
                </Point>
            </Placemark>
            <Placemark id="13782">
                <name/>
                <description/>
                <styleUrl>#13783</styleUrl>
                <Point id="13781">
                    <coordinates>34.81360574904722,32.168876703206486,70.83083165995777</coordinates>
                    <extrude>0</extrude>
                    <altitudeMode>clampToGround</altitudeMode>
                </Point>
            </Placemark>
            <Placemark id="13787">
                <name/>
                <description/>
                <styleUrl>#13788</styleUrl>
                <Point id="13786">
                    <coordinates>34.81355996369652,32.16876584880689,79.97913320828229</coordinates>
                    <extrude>0</extrude>
                    <altitudeMode>clampToGround</altitudeMode>
                </Point>
            </Placemark>
            <Placemark id="13792">
                <name/>
                <description/>
                <styleUrl>#13793</styleUrl>
                <Point id="13791">
                    <coordinates>34.81360680099233,32.16876357753611,71.82395134214312</coordinates>
                    <extrude>0</extrude>
                    <altitudeMode>clampToGround</altitudeMode>
                </Point>
            </Placemark>
            <Placemark id="13797">
                <name/>
                <description/>
                <styleUrl>#13798</styleUrl>
                <Point id="13796">
                    <coordinates>34.813585623674584,32.16883261554542,57.07698606234044</coordinates>
                    <extrude>0</extrude>
                    <altitudeMode>clampToGround</altitudeMode>
                </Point>
            </Placemark>
            <Placemark id="13802">
                <name/>
                <description/>
                <styleUrl>#13803</styleUrl>
                <Point id="13801">
                    <coordinates>34.81360970659833,32.16883240816167,47.54918563552201</coordinates>
                    <extrude>0</extrude>
                    <altitudeMode>clampToGround</altitudeMode>
                </Point>
            </Placemark>
            <Placemark id="13807">
                <name/>
                <description/>
                <styleUrl>#13808</styleUrl>
                <Point id="13806">
                    <coordinates>34.81347535144363,32.168774135651944,74.25616554357111</coordinates>
                    <extrude>0</extrude>
                    <altitudeMode>clampToGround</altitudeMode>
                </Point>
            </Placemark>
            <Placemark id="13812">
                <name/>
                <description/>
                <styleUrl>#13813</styleUrl>
                <Point id="13811">
                    <coordinates>34.813583859069865,32.16884453205916,64.72736546769738</coordinates>
                    <extrude>0</extrude>
                    <altitudeMode>clampToGround</altitudeMode>
                </Point>
            </Placemark>
            <Placemark id="13817">
                <name/>
                <description/>
                <styleUrl>#13818</styleUrl>
                <Point id="13816">
                    <coordinates>34.81363948322018,32.16876993593945,54.586299053393304</coordinates>
                    <extrude>0</extrude>
                    <altitudeMode>clampToGround</altitudeMode>
                </Point>
            </Placemark>
            <Placemark id="13822">
                <name/>
                <description/>
                <styleUrl>#13823</styleUrl>
                <Point id="13821">
                    <coordinates>34.81361351605025,32.16876710227994,56.62667561043054</coordinates>
                    <extrude>0</extrude>
                    <altitudeMode>clampToGround</altitudeMode>
                </Point>
            </Placemark>
            <Placemark id="13827">
                <name/>
                <description/>
                <styleUrl>#13828</styleUrl>
                <Point id="13826">
                    <coordinates>34.813617823785535,32.16880416518961,44.825414368882775</coordinates>
                    <extrude>0</extrude>
                    <altitudeMode>clampToGround</altitudeMode>
                </Point>
            </Placemark>
            <Placemark id="13832">
                <name/>
                <description/>
                <styleUrl>#13833</styleUrl>
                <Point id="13831">
                    <coordinates>34.813628553957116,32.16879218143047,49.69085942860693</coordinates>
                    <extrude>0</extrude>
                    <altitudeMode>clampToGround</altitudeMode>
                </Point>
            </Placemark>
            <Placemark id="13837">
                <name/>
                <description/>
                <styleUrl>#13838</styleUrl>
                <Point id="13836">
                    <coordinates>34.81358154217952,32.168831185131715,84.51301928143948</coordinates>
                    <extrude>0</extrude>
                    <altitudeMode>clampToGround</altitudeMode>
                </Point>
            </Placemark>
            <Placemark id="13842">
                <name/>
                <description/>
                <styleUrl>#13843</styleUrl>
                <Point id="13841">
                    <coordinates>34.813626647234194,32.168784209379076,80.71756519470364</coordinates>
                    <extrude>0</extrude>
                    <altitudeMode>clampToGround</altitudeMode>
                </Point>
            </Placemark>
            <Placemark id="13847">
                <name/>
                <description/>
                <styleUrl>#13848</styleUrl>
                <Point id="13846">
                    <coordinates>34.81365745775414,32.16883885670205,53.256679872982204</coordinates>
                    <extrude>0</extrude>
                    <altitudeMode>clampToGround</altitudeMode>
                </Point>
            </Placemark>
            <Placemark id="13852">
                <name/>
                <description/>
                <styleUrl>#13853</styleUrl>
                <Point id="13851">
                    <coordinates>34.81359405579805,32.169003462361616,75.59960068296641</coordinates>
                    <extrude>0</extrude>
                    <altitudeMode>clampToGround</altitudeMode>
                </Point>
            </Placemark>
            <Placemark id="13857">
                <name/>
                <description/>
                <styleUrl>#13858</styleUrl>
                <Point id="13856">
                    <coordinates>34.81362892159024,32.16875728667369,79.32703967019916</coordinates>
                    <extrude>0</extrude>
                    <altitudeMode>clampToGround</altitudeMode>
                </Point>
            </Placemark>
            <Placemark id="13862">
                <name/>
                <description/>
                <styleUrl>#13863</styleUrl>
                <Point id="13861">
                    <coordinates>34.81357828594133,32.16874600001561,59.31672838423401</coordinates>
                    <extrude>0</extrude>
                    <altitudeMode>clampToGround</altitudeMode>
                </Point>
            </Placemark>
            <Placemark id="13867">
                <name/>
                <description/>
                <styleUrl>#13868</styleUrl>
                <Point id="13866">
                    <coordinates>34.813662395387176,32.16871650965533,30.64479291718453</coordinates>
                    <extrude>0</extrude>
                    <altitudeMode>clampToGround</altitudeMode>
                </Point>
            </Placemark>
            <Placemark id="13872">
                <name/>
                <description/>
                <styleUrl>#13873</styleUrl>
                <Point id="13871">
                    <coordinates>34.81360943393411,32.168723165795356,66.46551176439971</coordinates>
                    <extrude>0</extrude>
                    <altitudeMode>clampToGround</altitudeMode>
                </Point>
            </Placemark>
            <Placemark id="13877">
                <name/>
                <description/>
                <styleUrl>#13878</styleUrl>
                <Point id="13876">
                    <coordinates>34.81365018900044,32.16871012376385,74.62443321198225</coordinates>
                    <extrude>0</extrude>
                    <altitudeMode>clampToGround</altitudeMode>
                </Point>
            </Placemark>
            <Placemark id="13882">
                <name/>
                <description/>
                <styleUrl>#13883</styleUrl>
                <Point id="13881">
                    <coordinates>34.81370932472673,32.168685386185714,47.3882654691115</coordinates>
                    <extrude>0</extrude>
                    <altitudeMode>clampToGround</altitudeMode>
                </Point>
            </Placemark>
            <Placemark id="13887">
                <name/>
                <description/>
                <styleUrl>#13888</styleUrl>
                <Point id="13886">
                    <coordinates>34.8136792263291,32.16867632950225,25.146314963698387</coordinates>
                    <extrude>0</extrude>
                    <altitudeMode>clampToGround</altitudeMode>
                </Point>
            </Placemark>
            <Placemark id="13892">
                <name/>
                <description/>
                <styleUrl>#13893</styleUrl>
                <Point id="13891">
                    <coordinates>34.81361354304759,32.16866291055322,53.42438434995711</coordinates>
                    <extrude>0</extrude>
                    <altitudeMode>clampToGround</altitudeMode>
                </Point>
            </Placemark>
            <Placemark id="13897">
                <name/>
                <description/>
                <styleUrl>#13898</styleUrl>
                <Point id="13896">
                    <coordinates>34.81348893745702,32.168619275861474,67.461779714562</coordinates>
                    <extrude>0</extrude>
                    <altitudeMode>clampToGround</altitudeMode>
                </Point>
            </Placemark>
            <Placemark id="13902">
                <name/>
                <description/>
                <styleUrl>#13903</styleUrl>
                <Point id="13901">
                    <coordinates>34.81358758725509,32.16869502197653,48.85827327892184</coordinates>
                    <extrude>0</extrude>
                    <altitudeMode>clampToGround</altitudeMode>
                </Point>
            </Placemark>
            <Placemark id="13907">
                <name/>
                <description/>
                <styleUrl>#13908</styleUrl>
                <Point id="13906">
                    <coordinates>34.81362241349574,32.168594784925375,63.810473788529634</coordinates>
                    <extrude>0</extrude>
                    <altitudeMode>clampToGround</altitudeMode>
                </Point>
            </Placemark>
            <Placemark id="13912">
                <name/>
                <description/>
                <styleUrl>#13913</styleUrl>
                <Point id="13911">
                    <coordinates>34.81367174906198,32.16858207606156,67.87993044499308</coordinates>
                    <extrude>0</extrude>
                    <altitudeMode>clampToGround</altitudeMode>
                </Point>
            </Placemark>
            <Placemark id="13917">
                <name/>
                <description/>
                <styleUrl>#13918</styleUrl>
                <Point id="13916">
                    <coordinates>34.81366168347689,32.16852660808589,39.428065097890794</coordinates>
                    <extrude>0</extrude>
                    <altitudeMode>clampToGround</altitudeMode>
                </Point>
            </Placemark>
            <Placemark id="13922">
                <name/>
                <description/>
                <styleUrl>#13923</styleUrl>
                <Point id="13921">
                    <coordinates>34.81357329052531,32.168554832493115,74.3001282569021</coordinates>
                    <extrude>0</extrude>
                    <altitudeMode>clampToGround</altitudeMode>
                </Point>
            </Placemark>
            <Placemark id="13927">
                <name/>
                <description/>
                <styleUrl>#13928</styleUrl>
                <Point id="13926">
                    <coordinates>34.8136582914948,32.168605246653605,54.54349234793335</coordinates>
                    <extrude>0</extrude>
                    <altitudeMode>clampToGround</altitudeMode>
                </Point>
            </Placemark>
            <Placemark id="13932">
                <name/>
                <description/>
                <styleUrl>#13933</styleUrl>
                <Point id="13931">
                    <coordinates>34.813602248932334,32.16856080791668,62.118453609757125</coordinates>
                    <extrude>0</extrude>
                    <altitudeMode>clampToGround</altitudeMode>
                </Point>
            </Placemark>
            <Placemark id="13937">
                <name/>
                <description/>
                <styleUrl>#13938</styleUrl>
                <Point id="13936">
                    <coordinates>34.813583980986394,32.16857973288811,70.94014282803982</coordinates>
                    <extrude>0</extrude>
                    <altitudeMode>clampToGround</altitudeMode>
                </Point>
            </Placemark>
            <Placemark id="13942">
                <name/>
                <description/>
                <styleUrl>#13943</styleUrl>
                <Point id="13941">
                    <coordinates>34.81363160398468,32.16863151691164,83.69727053679526</coordinates>
                    <extrude>0</extrude>
                    <altitudeMode>clampToGround</altitudeMode>
                </Point>
            </Placemark>
            <Placemark id="13947">
                <name/>
                <description/>
                <styleUrl>#13948</styleUrl>
                <Point id="13946">
                    <coordinates>34.81355615128708,32.16860348236876,75.47434715181589</coordinates>
                    <extrude>0</extrude>
                    <altitudeMode>clampToGround</altitudeMode>
                </Point>
            </Placemark>
            <Placemark id="13952">
                <name/>
                <description/>
                <styleUrl>#13953</styleUrl>
                <Point id="13951">
                    <coordinates>34.813603360510236,32.16860735075178,43.437784887850285</coordinates>
                    <extrude>0</extrude>
                    <altitudeMode>clampToGround</altitudeMode>
                </Point>
            </Placemark>
            <Placemark id="13957">
                <name/>
                <description/>
                <styleUrl>#13958</styleUrl>
                <Point id="13956">
                    <coordinates>34.81357583068329,32.16856400361472,58.643240752629936</coordinates>
                    <extrude>0</extrude>
                    <altitudeMode>clampToGround</altitudeMode>
                </Point>
            </Placemark>
            <Placemark id="13962">
                <name/>
                <description/>
                <styleUrl>#13963</styleUrl>
                <Point id="13961">
                    <coordinates>34.8136845375595,32.16866990405309,69.48391654342413</coordinates>
                    <extrude>0</extrude>
                    <altitudeMode>clampToGround</altitudeMode>
                </Point>
            </Placemark>
            <Placemark id="13967">
                <name/>
                <description/>
                <styleUrl>#13968</styleUrl>
                <Point id="13966">
                    <coordinates>34.81360206733422,32.16860254888427,84.43510574195534</coordinates>
                    <extrude>0</extrude>
                    <altitudeMode>clampToGround</altitudeMode>
                </Point>
            </Placemark>
            <Placemark id="13972">
                <name/>
                <description/>
                <styleUrl>#13973</styleUrl>
                <Point id="13971">
                    <coordinates>34.813561388905015,32.168541952738096,63.69797744974494</coordinates>
                    <extrude>0</extrude>
                    <altitudeMode>clampToGround</altitudeMode>
                </Point>
            </Placemark>
            <Placemark id="13977">
                <name/>
                <description/>
                <styleUrl>#13978</styleUrl>
                <Point id="13976">
                    <coordinates>34.81354498799727,32.168468020498494,63.02732675336301</coordinates>
                    <extrude>0</extrude>
                    <altitudeMode>clampToGround</altitudeMode>
                </Point>
            </Placemark>
            <Placemark id="13982">
                <name/>
                <description/>
                <styleUrl>#13983</styleUrl>
                <Point id="13981">
                    <coordinates>34.81361387039637,32.16857587551918,52.36858025286347</coordinates>
                    <extrude>0</extrude>
                    <altitudeMode>clampToGround</altitudeMode>
                </Point>
            </Placemark>
            <Placemark id="13987">
                <name/>
                <description/>
                <styleUrl>#13988</styleUrl>
                <Point id="13986">
                    <coordinates>34.813729771900384,32.16858484953834,116.27379793487489</coordinates>
                    <extrude>0</extrude>
                    <altitudeMode>clampToGround</altitudeMode>
                </Point>
            </Placemark>
            <Placemark id="13992">
                <name/>
                <description/>
                <styleUrl>#13993</styleUrl>
                <Point id="13991">
                    <coordinates>34.81359004702349,32.16857586377783,142.74306194111705</coordinates>
                    <extrude>0</extrude>
                    <altitudeMode>clampToGround</altitudeMode>
                </Point>
            </Placemark>
            <Placemark id="13997">
                <name/>
                <description/>
                <styleUrl>#13998</styleUrl>
                <Point id="13996">
                    <coordinates>34.813551548682916,32.16852823222141,165.8417419679463</coordinates>
                    <extrude>0</extrude>
                    <altitudeMode>clampToGround</altitudeMode>
                </Point>
            </Placemark>
            <Placemark id="14002">
                <name/>
                <description/>
                <styleUrl>#14003</styleUrl>
                <Point id="14001">
                    <coordinates>34.81357858988594,32.168529583539176,110.44247926864773</coordinates>
                    <extrude>0</extrude>
                    <altitudeMode>clampToGround</altitudeMode>
                </Point>
            </Placemark>
            <Placemark id="14007">
                <name/>
                <description/>
                <styleUrl>#14008</styleUrl>
                <Point id="14006">
                    <coordinates>34.81385270220717,32.16846339271474,53.53913106396794</coordinates>
                    <extrude>0</extrude>
                    <altitudeMode>clampToGround</altitudeMode>
                </Point>
            </Placemark>
            <Placemark id="14012">
                <name/>
                <description/>
                <styleUrl>#14013</styleUrl>
                <Point id="14011">
                    <coordinates>34.81369752015784,32.16856544350913,53.59169024042785</coordinates>
                    <extrude>0</extrude>
                    <altitudeMode>clampToGround</altitudeMode>
                </Point>
            </Placemark>
            <Placemark id="14017">
                <name/>
                <description/>
                <styleUrl>#14018</styleUrl>
                <Point id="14016">
                    <coordinates>34.81351371050237,32.168572840804195,129.13150711078197</coordinates>
                    <extrude>0</extrude>
                    <altitudeMode>clampToGround</altitudeMode>
                </Point>
            </Placemark>
            <Placemark id="14022">
                <name/>
                <description/>
                <styleUrl>#14023</styleUrl>
                <Point id="14021">
                    <coordinates>34.813538832940424,32.16857495446155,167.31901941262186</coordinates>
                    <extrude>0</extrude>
                    <altitudeMode>clampToGround</altitudeMode>
                </Point>
            </Placemark>
            <Placemark id="14027">
                <name/>
                <description/>
                <styleUrl>#14028</styleUrl>
                <Point id="14026">
                    <coordinates>34.813518452413156,32.16846918633452,59.354214309714735</coordinates>
                    <extrude>0</extrude>
                    <altitudeMode>clampToGround</altitudeMode>
                </Point>
            </Placemark>
            <Placemark id="14032">
                <name/>
                <description/>
                <styleUrl>#14033</styleUrl>
                <Point id="14031">
                    <coordinates>34.81369487856675,32.16861393520629,117.01617693714797</coordinates>
                    <extrude>0</extrude>
                    <altitudeMode>clampToGround</altitudeMode>
                </Point>
            </Placemark>
        </Folder>
        <Folder id="14036">
            <Style id="14039">
                <LineStyle id="14040">
                    <color>ff0000ff</color>
                    <colorMode>normal</colorMode>
                    <width>3</width>
                </LineStyle>
            </Style>
            <name>Trajectory Line</name>
            <Placemark id="14038">
                <name>Full Trajectory</name>
                <styleUrl>#14039</styleUrl>
                <LineString id="14037">
                    <extrude>0</extrude>
                    <tessellate>1</tessellate>
                    <altitudeMode>clampToGround</altitudeMode>
                    <coordinates>34.813632632686215,32.16876079360211,51.06113574281335 34.81365982660885,32.16875565540796,54.8846391774714 34.81355764739545,32.16884996994801,67.20687706861645 34.81360596392562,32.16880787127878,70.49814568925649 34.81360554793911,32.16877548038378,51.02160873543471 34.81353873630586,32.168795937485754,59.19102282170206 34.81352531166272,32.16876568569399,74.46373388264328 34.81356112640974,32.16875281455433,49.30487710610032 34.81357252597823,32.16880920511495,73.6275975825265 34.81353527583174,32.16875076138161,74.03987982776016 34.81357335541049,32.16880996962754,56.5779336374253 34.81357105540242,32.168816880995514,42.132469130679965 34.813549005035455,32.16879145064525,50.608365377411246 34.813508043687726,32.16878665849992,39.67738774511963 34.81347147151935,32.16878812835391,65.22007921990007 34.81341968017064,32.168766603547375,62.52898773830384 34.813315396955545,32.16879876553353,40.41900452878326 34.81331962323574,32.16883845775653,40.07835149951279 34.81324222913694,32.168783820839174,41.80353369191289 34.813152301891556,32.16884912243166,38.214777287095785 34.81310241198182,32.168802823489486,38.04565247707069 34.813006798323414,32.16878114908558,40.108059090562165 34.81292798486194,32.16885880071492,42.147153086960316 34.81285115732185,32.168799059035614,41.218652402982116 34.812769637736615,32.168879419683826,56.606990000233054 34.812696846756886,32.16889740823989,62.4450339814648 34.812566834659016,32.168763825067025,51.38207783550024 34.81261414944595,32.16883925958652,27.36549077089876 34.812422417284864,32.168847129056445,70.52483562007546 34.81238972790126,32.16877704584935,46.47798727359623 34.812304175479525,32.16878859888054,44.52406030893326 34.812188169628456,32.16889110397569,58.288991211913526 34.812242192338246,32.16886372388723,56.17804610263556 34.812189066895684,32.16893970403438,62.88396315090358 34.81220979452068,32.168901501697576,52.99434860330075 34.8121943010834,32.16890044140084,56.83583802729845 34.81215741478428,32.16891567037188,71.89353214018047 34.812217775044296,32.16900300139859,61.78659084625542 34.81217039893732,32.1689983031445,74.89947996102273 34.81227605896426,32.169027964674356,40.118261330761015 34.81222444764446,32.169036578363716,38.38712707720697 34.81224157752444,32.16909461122637,53.440849841572344 34.81230894949166,32.1691535804177,54.902090495452285 34.81232615586306,32.1692084865768,44.38957353681326 34.81234551512634,32.16928026363208,60.18651152495295 34.81242111974602,32.16932593799092,47.803765304386616 34.81243739701342,32.16939137336426,48.518338116817176 34.81239927320012,32.16951730520323,81.17284506279975 34.81253112905479,32.16954901547662,72.6474569030106 34.81253573851501,32.169634023751875,48.21688704472035 34.81256077376775,32.16967378087851,39.972179549746215 34.81263215123496,32.16980425766968,46.81374544184655 34.81268543958534,32.16981898684648,52.51085630059242 34.812672886243014,32.169991851807026,57.186162039637566 34.81277269949664,32.170013997968,55.946321236900985 34.81278692150048,32.17011345326713,57.709329596720636 34.81273041179674,32.17017375048573,50.15617255307734 34.81281265374342,32.170214330427285,43.49128627497703 34.81285166014487,32.17029026014502,36.00730511825532 34.81282145699981,32.17038908179539,69.0979354120791 34.81292386344383,32.17045696217592,43.584701865911484 34.81295365619972,32.17051786220142,46.61192586366087 34.81300856433,32.170595492356284,50.52921998221427 34.81303720859335,32.17067161633612,40.42012879624963 34.81307809028426,32.170771096648465,61.179523257538676 34.81305557754567,32.17083168543936,58.35120255500078 34.81310874066388,32.17087332579881,45.94865930266678 34.81310988830366,32.17102926103321,71.36370761971921 34.81320869067413,32.171002299635234,52.58351547922939 34.81326479137935,32.171052214151395,48.88452323805541 34.81328078726457,32.171237901108015,66.96571840718389 34.81325800723276,32.171293966827754,64.13668019138277 34.813307519051115,32.17140105360939,66.72719015087932 34.81327452671087,32.17148936429706,96.63263188675046 34.81328901940022,32.171436926433664,48.93717978335917 34.81329354480555,32.17169804450569,80.87869920860976 34.81331616247235,32.17165246232433,59.322499435395 34.81330320535023,32.17180983698424,86.52384359855205 34.81327426583722,32.17176068212078,59.356419931165874 34.81334153438929,32.17179371723471,47.16018934175372 34.81334740455079,32.171942670877975,60.01175673678517 34.81331082081714,32.17196692451217,57.38032133039087 34.81338077990091,32.17201314784268,46.95073726866394 34.81342829096561,32.17211772399796,49.550218935124576 34.81336062486933,32.1721338762186,62.61880037095398 34.81339088951061,32.172173445723644,49.038246335461736 34.813415481536964,32.17225782673539,48.866009060293436 34.81343632966201,32.17227793021757,51.48424183111638 34.813434644374034,32.1723239488309,53.457020421512425 34.813440065130806,32.17235858459907,45.692217946983874 34.813389161449244,32.17237872635,62.51806275360286 34.81340488958522,32.17244253010271,54.66148662380874 34.81336289368952,32.17248310338252,61.33746059425175 34.81336966320786,32.17251606233091,52.483320424333215 34.813303444097556,32.17251301816254,60.039290566928685 34.813279316698754,32.17254310771937,50.596993195824325 34.813205863107136,32.17256584825314,55.1501055713743 34.81312299911306,32.17252742868286,57.30228739324957 34.81310801990603,32.17256027212554,47.03814682457596 34.81302449300063,32.1725552188228,53.07025909144431 34.81296698715548,32.17249726206835,55.82312322501093 34.812904598057514,32.172518417748186,49.02027075923979 34.81287936069002,32.172629998551585,61.59997196495533 34.812807239713464,32.172637231506094,58.38916116207838 34.81271583669882,32.17255157326299,55.42724282015115 34.81263089655993,32.1725789498307,59.97795612271875 34.812626977023186,32.17256063662085,54.73672956880182 34.81255641492165,32.17260667722041,52.70512096490711 34.81256990160371,32.17258590063448,52.61262931674719 34.812508294160565,32.17255101451664,37.89836243074387 34.81249067108297,32.17254976213006,51.175524692982435 34.81245691608481,32.17248889906508,57.25266157556325 34.812494974621195,32.17249128267823,47.18166912719607 34.81249117592302,32.17239409534116,42.11182633694261 34.81249551682488,32.172373576035106,32.186288121156394 34.812358740007845,32.17232627020747,64.58725476264954 34.812400052328826,32.17227258368636,49.80630862340331 34.81240535207845,32.17225290891834,37.75828851945698 34.812385761484386,32.17215971697355,52.8526403689757 34.812246002573445,32.172155493988235,67.38277238514274 34.81233366848111,32.17210702810382,43.91423156391829 34.8122895882109,32.17203148176716,51.05836232192814 34.812293645873055,32.171991289066604,42.7669177968055 34.81224245752347,32.171940140696385,49.03949991799891 34.81217000720462,32.17188941441235,64.10793277621269 34.81223438729529,32.17185573296871,33.82292373571545 34.81210961837117,32.17180125302643,63.82926944922656 34.812188547037046,32.17171193509278,39.04334433749318 34.81206331400299,32.171621007333556,68.09333327785134 34.812029391128284,32.17151631129204,80.61815066821873 34.81206563896577,32.171500490589935,55.98279662895948 34.81207631653114,32.17149072446856,46.45859484933317 34.812061853779554,32.17145962995237,28.903783230111003 34.81199551652633,32.171433352300696,48.79906681459397 34.81198338296846,32.17127944670702,57.35766540840268 34.81196059335922,32.17122785732472,53.13476777635515 34.81189895155315,32.1711648616838,51.98706584703177 34.811930337776246,32.171116074947975,43.18131061736494 34.81184434387398,32.17100166008254,62.86634438391775 34.81180819585319,32.170990074807335,52.30763481557369 34.81177754611517,32.17087131172542,66.69605096708983 34.81176145390284,32.17084315903156,36.72256327141076 34.811709007597926,32.17078332590081,50.01662126369774 34.81169577465174,32.170696236208705,50.9832752160728 34.81165900301586,32.170658754138955,44.19232563953847 34.811558337874544,32.170602021396945,66.84314007125795 34.81156356804488,32.17056584569938,50.988194161094725 34.811582300863776,32.17051409296615,38.29440643079579 34.81151862663917,32.170408592426185,49.80155775602907 34.811504839569416,32.170362799534686,63.80391286872327 34.81149058699895,32.17026483491173,40.74630376137793 34.81149017966062,32.17019447147359,35.02155148796737 34.81138487305312,32.170234730790796,42.70868596807122 34.811326912824356,32.17014911000922,60.070767261087894 34.81132598466025,32.17006041004124,42.99828124884516 34.811336703625734,32.169984821235445,44.930452067404985 34.81131288495257,32.16992930743712,32.1842185780406 34.81130378272637,32.16983016370938,42.61249374598265 34.811233495344176,32.16976915675491,48.961977161467075 34.81117683661399,32.1696887007851,51.56817746348679 34.811162527878466,32.16964771269885,49.23575777001679 34.811064539832756,32.16961252152165,71.18564499728382 34.81112529302802,32.169489600424455,39.91806043870747 34.811025988498585,32.16936498595233,66.30579092446715 34.81107066907994,32.169360287422776,41.66606546845287 34.81091756940833,32.169230381994055,75.06309105921537 34.811014903324974,32.16923315592509,36.77231271006167 34.81093353782194,32.16918293838885,66.91562385577708 34.81095594077071,32.16903304118406,46.75170723069459 34.810884308104015,32.16899150366215,53.654712920077145 34.81080033420869,32.16891250410117,68.33954188413918 34.810867487355274,32.168855001796594,59.09295697975904 34.81089975666287,32.16882962662431,36.63502028025687 34.810750202342504,32.16873606568087,70.86845095362514 34.810885110563014,32.1687605137999,43.66926204133779 34.81093291789906,32.16871904397829,51.87848550174385 34.81097587214954,32.16869742997771,44.191248196177185 34.81101984350942,32.16874371660065,43.07695496082306 34.81109034783321,32.16881652999692,40.472645410336554 34.81120200091246,32.168744472281816,43.9874429134652 34.81129514007616,32.168754315017885,44.7077717743814 34.8114359540449,32.16875529644723,45.860350500792265 34.81151443252527,32.168748676866734,37.30098996497691 34.811622194524055,32.16875249593359,39.766064282506704 34.81176692244837,32.16880015995086,44.577157305553555 34.81181687209376,32.168782540639825,42.85113319940865 34.81188335173259,32.16877873101654,46.39435607753694 34.811922076047566,32.168834506949615,49.636191518977284 34.81196244340184,32.16879029568693,42.5335203576833 34.812004854461684,32.1687705113704,38.37423781864345 34.812027020384015,32.16881501314772,41.96545884013176 34.81209686530242,32.16881470314871,39.25412717554718 34.81210904420459,32.16884592143937,43.86204502452165 34.81217177217756,32.168842707156124,41.52564890217036 34.81220300824919,32.16885981594518,48.315249875187874 34.81226472895026,32.168858150025365,48.66239358205348 34.8122787798252,32.16883080449928,43.94830481521785 34.812349086930844,32.168857830027385,39.79302611015737 34.812528411075284,32.16903710919351,65.60611380729824 34.81243673079138,32.168902468281345,44.97093755565584 34.812508668008824,32.168902472291165,44.67506669834256 34.81271038165184,32.16886784154734,51.93257362861186 34.81271777176428,32.16882942232448,48.91079237218946 34.81281569739075,32.16883959848513,48.5513321030885 34.8128718795118,32.168845599341296,47.25852382462472 34.81296463425766,32.16884735168949,44.78872474189848 34.813003373980315,32.16883657289832,46.51598655618727 34.813048728275,32.168855002280196,45.933576873503625 34.81314143398139,32.16886550111582,43.65245005115867 34.81319138464203,32.168844147172464,37.048305104486644 34.81326223202196,32.16882696192711,49.97198439761996 34.81327667370398,32.16882564047105,38.09953280445188 34.813355477542785,32.168822583414034,46.352170187048614 34.81341623516487,32.168778868183686,57.43368394859135 34.813471217553996,32.16883161700148,52.86771942488849 34.813493717051585,32.16880099701034,51.348992547020316 34.81348109011129,32.1688411304956,52.061843337491155 34.813581400696826,32.168805648513676,58.85471218731254 34.81364457455652,32.16879941985442,59.910306852310896 34.81364671027943,32.168844050651806,50.2614706652239 34.81365481064253,32.16875536478004,56.16512132715434 34.81370011322424,32.16884992614631,48.57822148408741 34.813630829236196,32.1688338914016,67.80778251960874 34.81361831360025,32.168828539258186,55.02650830987841 34.813640571935245,32.16882216277574,85.30885851383209 34.81361767424837,32.16884627385084,71.72729223128408 34.813640643361744,32.168817680711726,60.45449032261968 34.81359906737681,32.168855345982394,89.58957683295012 34.81362595154249,32.16880156781723,73.24467050936073 34.81360574904722,32.168876703206486,70.83083165995777 34.81355996369652,32.16876584880689,79.97913320828229 34.81360680099233,32.16876357753611,71.82395134214312 34.813585623674584,32.16883261554542,57.07698606234044 34.81360970659833,32.16883240816167,47.54918563552201 34.81347535144363,32.168774135651944,74.25616554357111 34.813583859069865,32.16884453205916,64.72736546769738 34.81363948322018,32.16876993593945,54.586299053393304 34.81361351605025,32.16876710227994,56.62667561043054 34.813617823785535,32.16880416518961,44.825414368882775 34.813628553957116,32.16879218143047,49.69085942860693 34.81358154217952,32.168831185131715,84.51301928143948 34.813626647234194,32.168784209379076,80.71756519470364 34.81365745775414,32.16883885670205,53.256679872982204 34.81359405579805,32.169003462361616,75.59960068296641 34.81362892159024,32.16875728667369,79.32703967019916 34.81357828594133,32.16874600001561,59.31672838423401 34.813662395387176,32.16871650965533,30.64479291718453 34.81360943393411,32.168723165795356,66.46551176439971 34.81365018900044,32.16871012376385,74.62443321198225 34.81370932472673,32.168685386185714,47.3882654691115 34.8136792263291,32.16867632950225,25.146314963698387 34.81361354304759,32.16866291055322,53.42438434995711 34.81348893745702,32.168619275861474,67.461779714562 34.81358758725509,32.16869502197653,48.85827327892184 34.81362241349574,32.168594784925375,63.810473788529634 34.81367174906198,32.16858207606156,67.87993044499308 34.81366168347689,32.16852660808589,39.428065097890794 34.81357329052531,32.168554832493115,74.3001282569021 34.8136582914948,32.168605246653605,54.54349234793335 34.813602248932334,32.16856080791668,62.118453609757125 34.813583980986394,32.16857973288811,70.94014282803982 34.81363160398468,32.16863151691164,83.69727053679526 34.81355615128708,32.16860348236876,75.47434715181589 34.813603360510236,32.16860735075178,43.437784887850285 34.81357583068329,32.16856400361472,58.643240752629936 34.8136845375595,32.16866990405309,69.48391654342413 34.81360206733422,32.16860254888427,84.43510574195534 34.813561388905015,32.168541952738096,63.69797744974494 34.81354498799727,32.168468020498494,63.02732675336301 34.81361387039637,32.16857587551918,52.36858025286347 34.813729771900384,32.16858484953834,116.27379793487489 34.81359004702349,32.16857586377783,142.74306194111705 34.813551548682916,32.16852823222141,165.8417419679463 34.81357858988594,32.168529583539176,110.44247926864773 34.81385270220717,32.16846339271474,53.53913106396794 34.81369752015784,32.16856544350913,53.59169024042785 34.81351371050237,32.168572840804195,129.13150711078197 34.813538832940424,32.16857495446155,167.31901941262186 34.813518452413156,32.16846918633452,59.354214309714735 34.81369487856675,32.16861393520629,117.01617693714797</coordinates>
                </LineString>
            </Placemark>
        </Folder>
    </Document>
</kml>
